IdLandkreis,Name,Insgesamt-total,Insgesamt-M,Insgesamt-W,A00-A04-total,A00-A04-M,A00-A04-W,A05-A14-total,A05-A14-M,A05-A14-W,A15-A34-total,A15-A34-M,A15-A34-W,A35-A59-total,A35-A59-M,A35-A59-W,A60-A79-total,A60-A79-M,A60-A79-W,A80+-total,A80+-M,A80+-W,Landkreis,IdBundesland,Bundesland
0,Deutschland,83166711,41037613,42129098,3179233,1629933,1549300,6689377,3439005,3250372,18062664,9381231,8681433,27647843,13925593,13722250,18057318,8543290,9514028,5681135,2163874,3517261,Deutschland,0,Deutschland
1,Schleswig-Holstein,2903773,1422883,1480890,103340,52895,50445,232549,119289,113260,600150,311990,288160,971810,479925,491885,659461,312424,347037,207658,81553,126105,Schleswig-Holstein,1,Schleswig-Holstein
1001,"Flensburg, Kreisfreie Stadt",90164,44904,45260,3581,1865,1716,6846,3496,3350,26013,13573,12440,26573,13606,12967,17810,8289,9521,5563,2147,3416,SK Flensburg,1,Schleswig-Holstein
1002,"Kiel, Landeshauptstadt, Kreisfreie Stadt",246794,120198,126596,9175,4685,4490,17549,8972,8577,73363,36718,36645,75907,37811,38096,45970,21460,24510,14151,5166,8985,SK Kiel,1,Schleswig-Holstein
1003,"Lübeck, Hansestadt, Kreisfreie Stadt",216530,104032,112498,7615,3901,3714,16051,8186,7865,49998,25469,24529,69352,34048,35304,47637,21574,26063,16500,6045,10455,SK Lübeck,1,Schleswig-Holstein
1004,"Neumünster, Kreisfreie Stadt",80196,39723,40473,2880,1516,1364,6512,3375,3137,18321,9676,8645,25669,13017,12652,17452,8188,9264,5811,2187,3624,SK Neumünster,1,Schleswig-Holstein
1051,"Dithmarschen, Landkreis",133193,65718,67475,4345,2204,2141,10372,5315,5057,26668,13971,12697,42982,21340,21642,33194,16049,17145,9901,3953,5948,LK Dithmarschen,1,Schleswig-Holstein
1053,"Herzogtum Lauenburg, Landkreis",198019,97165,100854,7619,3883,3736,16886,8709,8177,37487,19566,17921,68888,33961,34927,43504,20802,22702,14502,5657,8845,LK Herzogtum Lauenburg,1,Schleswig-Holstein
1054,"Nordfriesland, Landkreis",165951,81286,84665,5499,2849,2650,12480,6424,6056,34121,18130,15991,54339,26497,27842,40232,19033,21199,12070,4722,7348,LK Nordfriesland,1,Schleswig-Holstein
1055,"Ostholstein, Landkreis",200539,96689,103850,5835,2888,2947,14421,7341,7080,34601,18104,16497,66301,31932,34369,54288,25633,28655,16744,6685,10059,LK Ostholstein,1,Schleswig-Holstein
1056,"Pinneberg, Landkreis",316103,155123,160980,12036,6153,5883,26690,13622,13068,62145,32551,29594,110256,54615,55641,68482,32217,36265,22170,8783,13387,LK Pinneberg,1,Schleswig-Holstein
1057,"Plön, Landkreis",128686,62487,66199,4213,2147,2066,10153,5107,5046,22261,11649,10612,43119,20920,22199,32975,15640,17335,10354,4236,6118,LK Plön,1,Schleswig-Holstein
1058,"Rendsburg-Eckernförde, Landkreis",274098,134970,139128,9585,4909,4676,22803,11690,11113,51815,27290,24525,93499,45914,47585,64745,31140,33605,19385,7860,11525,LK Rendsburg-Eckernförde,1,Schleswig-Holstein
1059,"Schleswig-Flensburg, Landkreis",201156,99557,101599,7363,3835,3528,16693,8659,8034,38805,20136,18669,66743,33084,33659,48000,23409,24591,14402,5810,8592,LK Schleswig-Flensburg,1,Schleswig-Holstein
1060,"Segeberg, Landkreis",277175,137054,140121,10236,5233,5003,23364,12086,11278,54778,28744,26034,97167,48625,48542,60727,28718,32009,18290,7315,10975,LK Segeberg,1,Schleswig-Holstein
1061,"Steinburg, Landkreis",131013,64747,66266,4529,2266,2263,10352,5336,5016,25943,13617,12326,44803,22286,22517,30089,14553,15536,9313,3638,5675,LK Steinburg,1,Schleswig-Holstein
1062,"Stormarn, Landkreis",244156,119230,124926,8829,4561,4268,21377,10971,10406,43831,22796,21035,86212,42269,43943,54356,25719,28637,18502,7349,11153,LK Stormarn,1,Schleswig-Holstein
2,Hamburg,1847253,903974,943279,81097,41532,39565,149055,76821,72234,465038,233183,231855,631068,316600,314468,326494,151766,174728,107709,40367,67342,Hamburg,2,Hamburg
3,Niedersachsen,7993608,3947571,4046037,300994,154056,146938,647912,333396,314516,1733531,905950,827581,2634763,1316382,1318381,1758463,840995,917468,554368,212658,341710,Niedersachsen,3,Niedersachsen
3101,"Braunschweig, Kreisfreie Stadt",249406,123630,125776,9059,4544,4515,17614,9062,8552,65222,34768,30454,79342,40368,38974,49872,23057,26815,17443,6361,11082,SK Braunschweig,3,Niedersachsen
3102,"Salzgitter, Kreisfreie Stadt",104291,51831,52460,4648,2407,2241,9136,4787,4349,22505,11921,10584,32200,16275,15925,23204,10962,12242,7687,2922,4765,SK Salzgitter,3,Niedersachsen
3103,"Wolfsburg, Kreisfreie Stadt",124371,61973,62398,5291,2708,2583,9988,5223,4765,27227,14441,12786,40436,20671,19765,25910,12079,13831,9635,3848,5787,SK Wolfsburg,3,Niedersachsen
3151,"Gifhorn, Landkreis",176523,88295,88228,7489,3842,3647,15405,7881,7524,35459,18704,16755,61026,30668,30358,37856,18589,19267,10624,4207,6417,LK Gifhorn,3,Niedersachsen
3153,"Goslar, Landkreis",136292,67599,68693,3943,2013,1930,8967,4617,4350,27399,15200,12199,43008,21616,21392,35145,16785,18360,12322,4628,7694,LK Goslar,3,Niedersachsen
3154,"Helmstedt, Landkreis",91297,45273,46024,3387,1732,1655,7023,3581,3442,17402,9149,8253,30839,15596,15243,21443,10474,10969,6943,2574,4369,LK Helmstedt,3,Niedersachsen
3155,"Northeim, Landkreis",132285,65290,66995,4307,2194,2113,9810,5007,4803,24919,13172,11747,43111,21385,21726,33018,16220,16798,11225,4324,6901,LK Northeim,3,Niedersachsen
3157,"Peine, Landkreis",134801,66753,68048,5375,2743,2632,11650,5945,5705,26725,13966,12759,46551,23343,23208,29001,13997,15004,9203,3562,5641,LK Peine,3,Niedersachsen
3158,"Wolfenbüttel, Landkreis",119622,59212,60410,4109,2091,2018,9036,4641,4395,23445,12462,10983,40415,20106,20309,28506,13725,14781,8838,3524,5314,LK Wolfenbüttel,3,Niedersachsen
3159,"Göttingen, Landkreis",326041,160023,166018,11154,5736,5418,24126,12501,11625,78144,40171,37973,101293,49939,51354,73373,35304,38069,23668,9165,14503,LK Göttingen,3,Niedersachsen
3241,"Region Hannover, Landkreis",1157115,566626,590489,44728,22848,21880,94048,48249,45799,265003,136580,128423,381956,190338,191618,238683,111424,127259,80062,30523,49539,Region Hannover,3,Niedersachsen
3251,"Diepholz, Landkreis",217089,107876,109213,8011,4124,3887,17770,9186,8584,43141,22682,20459,73738,36837,36901,49078,23896,25182,15411,6061,9350,LK Diepholz,3,Niedersachsen
3252,"Hameln-Pyrmont, Landkreis",148549,71880,76669,5254,2687,2567,11527,5875,5652,28299,14602,13697,47922,23649,24273,36036,16946,19090,12812,4755,8057,LK Hameln-Pyrmont,3,Niedersachsen
3254,"Hildesheim, Landkreis",275817,134547,141270,9460,4877,4583,20817,10634,10183,59255,30180,29075,90015,44889,45126,62952,29862,33090,21196,7975,13221,LK Hildesheim,3,Niedersachsen
3255,"Holzminden, Landkreis",70458,34911,35547,2289,1166,1123,5128,2628,2500,13721,7361,6360,22276,11175,11101,17712,8556,9156,6321,2477,3844,LK Holzminden,3,Niedersachsen
3256,"Nienburg (Weser), Landkreis",121390,60299,61091,4415,2196,2219,10007,5041,4966,24760,13209,11551,40237,20393,19844,27497,13384,14113,8835,3296,5539,LK Nienburg (Weser),3,Niedersachsen
3257,"Schaumburg, Landkreis",157820,77266,80554,5395,2727,2668,11978,6103,5875,30370,15857,14513,52721,26374,26347,37519,17951,19568,12834,4724,8110,LK Schaumburg,3,Niedersachsen
3351,"Celle, Landkreis",179011,88101,90910,6735,3456,3279,15113,7704,7409,36048,18790,17258,57988,28974,29014,41817,20009,21808,12929,4947,7982,LK Celle,3,Niedersachsen
3352,"Cuxhaven, Landkreis",198038,96867,101171,6860,3551,3309,15821,8191,7630,36713,19032,17681,64667,31774,32893,50096,24013,26083,15144,5831,9313,LK Cuxhaven,3,Niedersachsen
3353,"Harburg, Landkreis",254431,125373,129058,9727,5085,4642,21732,11135,10597,48020,25580,22440,89441,43847,45594,56616,26922,29694,17340,6976,10364,LK Harburg,3,Niedersachsen
3354,"Lüchow-Dannenberg, Landkreis",48412,23783,24629,1486,746,740,3586,1893,1693,8311,4422,3889,15315,7549,7766,13310,6421,6889,4216,1634,2582,LK Lüchow-Dannenberg,3,Niedersachsen
3355,"Lüneburg, Landkreis",184139,89803,94336,6851,3534,3317,15615,7979,7636,40912,20789,20123,63137,30898,32239,38028,18152,19876,11215,4236,6979,LK Lüneburg,3,Niedersachsen
3356,"Osterholz, Landkreis",113928,55926,58002,4236,2155,2081,9411,4888,4523,20800,10885,9915,39277,19339,19938,27174,12978,14196,7862,3128,4734,LK Osterholz,3,Niedersachsen
3357,"Rotenburg (Wümme), Landkreis",163782,82317,81465,6058,3120,2938,13392,6890,6502,35015,18794,16221,55285,27842,27443,36020,17658,18362,10478,4119,6359,LK Rotenburg (Wümme),3,Niedersachsen
3358,"Heidekreis, Landkreis",140673,70251,70422,5154,2651,2503,11595,6082,5513,29713,16120,13593,46016,22952,23064,31388,15146,16242,10165,3932,6233,LK Heidekreis,3,Niedersachsen
3359,"Stade, Landkreis",204512,101831,102681,8166,4303,3863,17545,9151,8394,43115,22605,20510,68556,34475,34081,44626,21363,23263,12969,5137,7832,LK Stade,3,Niedersachsen
3360,"Uelzen, Landkreis",92389,45137,47252,2907,1490,1417,6842,3511,3331,17712,9220,8492,30285,14983,15302,22845,10887,11958,7793,3031,4762,LK Uelzen,3,Niedersachsen
3361,"Verden, Landkreis",137133,67299,69834,5463,2780,2683,11779,6007,5772,27325,14248,13077,45555,22402,23153,31395,15099,16296,9104,3557,5547,LK Verden,3,Niedersachsen
3401,"Delmenhorst, Kreisfreie Stadt",77559,38313,39246,3428,1731,1697,6462,3358,3104,17046,8924,8122,24954,12499,12455,17032,7964,9068,5072,2042,3030,SK Delmenhorst,3,Niedersachsen
3402,"Emden, Kreisfreie Stadt",49913,24884,25029,1908,990,918,4013,2103,1910,12093,6333,5760,15851,8032,7819,10626,5056,5570,3216,1222,1994,SK Emden,3,Niedersachsen
3403,"Oldenburg (Oldenburg), Kreisfreie Stadt",169077,81019,88058,6105,3044,3061,12649,6409,6240,46680,23129,23551,53569,25903,27666,32838,15227,17611,9741,3627,6114,SK Oldenburg,3,Niedersachsen
3404,"Osnabrück, Kreisfreie Stadt",165251,79881,85370,6053,3068,2985,12048,6143,5905,49754,24673,25081,50171,24957,25214,30014,13847,16167,10248,3650,6598,SK Osnabrück,3,Niedersachsen
3405,"Wilhelmshaven, Kreisfreie Stadt",76089,37444,38645,2689,1353,1336,5344,2753,2591,18067,9795,8272,22136,11050,11086,18471,8585,9886,6356,2460,3896,SK Wilhelmshaven,3,Niedersachsen
3451,"Ammerland, Landkreis",124859,60906,63953,4693,2339,2354,10394,5318,5076,24834,12729,12105,41659,20385,21274,28859,13722,15137,8712,3494,5218,LK Ammerland,3,Niedersachsen
3452,"Aurich, Landkreis",189694,93316,96378,6702,3463,3239,15169,7895,7274,39053,20416,18637,62457,30766,31691,45999,22019,23980,12008,4531,7477,LK Aurich,3,Niedersachsen
3453,"Cloppenburg, Landkreis",170682,86436,84246,7814,4024,3790,16466,8491,7975,42268,22457,19811,56485,29029,27456,30392,14878,15514,8760,3241,5519,LK Cloppenburg,3,Niedersachsen
3454,"Emsland, Landkreis",326954,166332,160622,13372,6819,6553,28438,14635,13803,74639,40181,34458,109918,56988,52930,66804,32769,34035,18274,7023,11251,LK Emsland,3,Niedersachsen
3455,"Friesland, Landkreis",98704,48179,50525,3413,1747,1666,7541,3912,3629,18689,9695,8994,31851,15490,16361,25066,12043,13023,7840,3112,4728,LK Friesland,3,Niedersachsen
3456,"Grafschaft Bentheim, Landkreis",137162,68658,68504,5391,2753,2638,12136,6245,5891,29524,15489,14035,45996,23253,22743,28991,14198,14793,8763,3425,5338,LK Grafschaft Bentheim,3,Niedersachsen
3457,"Leer, Landkreis",170756,85211,85545,6651,3438,3213,14150,7199,6951,37089,19464,17625,56772,28828,27944,38002,18333,19669,10414,4017,6397,LK Leer,3,Niedersachsen
3458,"Oldenburg, Landkreis",130890,64873,66017,4952,2574,2378,10892,5578,5314,26301,13813,12488,45424,22511,22913,28779,14009,14770,8557,3370,5187,LK Oldenburg,3,Niedersachsen
3459,"Osnabrück, Landkreis",358080,177737,180343,14398,7400,6998,30883,16017,14866,75678,39849,35829,119791,59872,59919,75943,36763,39180,24402,9181,15221,LK Osnabrück,3,Niedersachsen
3460,"Vechta, Landkreis",142814,72095,70719,6510,3260,3250,13575,7027,6548,35889,18730,17159,47577,24386,23191,25069,12381,12688,7197,2710,4487,LK Vechta,3,Niedersachsen
3461,"Wesermarsch, Landkreis",88583,44415,44168,3117,1601,1516,6769,3562,3207,18012,9540,8472,29257,14755,14502,21077,10432,10645,6436,2521,3915,LK Wesermarsch,3,Niedersachsen
3462,"Wittmund, Landkreis",56926,27900,29026,1841,946,895,4522,2359,2163,11235,5823,5412,18287,9021,9266,14381,6910,7471,4098,1578,2520,LK Wittmund,3,Niedersachsen
4,Bremen,681202,337001,344201,27439,14223,13216,53407,27518,25889,165722,86495,79227,217623,110585,107038,140672,65505,75167,45522,16784,28738,Bremen,4,Bremen
4011,"Bremen, Kreisfreie Stadt",567559,280381,287178,22797,11827,10970,43723,22516,21207,139658,72732,66926,182275,92279,89996,115516,53840,61676,38039,14050,23989,SK Bremen,4,Bremen
4012,"Bremerhaven, Kreisfreie Stadt",113643,56620,57023,4642,2396,2246,9684,5002,4682,26064,13763,12301,35348,18306,17042,25156,11665,13491,7483,2734,4749,SK Bremerhaven,4,Bremen
5,Nordrhein-Westfalen,17947221,8805974,9141247,696124,357550,338574,1461169,752684,708485,4004160,2070535,1933625,5938218,2959141,2979077,3802804,1787988,2014816,1216715,459250,757465,Nordrhein-Westfalen,5,Nordrhein-Westfalen
5111,"Düsseldorf, Kreisfreie Stadt",621877,300507,321370,25451,13157,12294,49102,25207,23895,150912,73284,77628,212393,106999,105394,116000,52690,63310,39027,14582,24445,SK Düsseldorf,5,Nordrhein-Westfalen
5112,"Duisburg, Kreisfreie Stadt",498686,246860,251826,20750,10759,9991,41372,21345,20027,117151,61123,56028,162234,82371,79863,100250,46946,53304,34205,12707,21498,SK Duisburg,5,Nordrhein-Westfalen
5113,"Essen, Kreisfreie Stadt",582760,282869,299891,23386,11988,11398,45807,23548,22259,135364,68472,66892,186646,93527,93119,123094,56852,66242,41763,14975,26788,SK Essen,5,Nordrhein-Westfalen
5114,"Krefeld, Kreisfreie Stadt",227417,111015,116402,8788,4510,4278,18284,9526,8758,49708,25897,23811,74731,37021,37710,49357,22701,26656,16080,6050,10030,SK Krefeld,5,Nordrhein-Westfalen
5116,"Mönchengladbach, Kreisfreie Stadt",261034,128467,132567,10276,5349,4927,20981,10819,10162,59346,30619,28727,85202,42676,42526,56164,26551,29613,16916,6310,10606,SK Mönchengladbach,5,Nordrhein-Westfalen
5117,"Mülheim an der Ruhr, Kreisfreie Stadt",170632,82242,88390,6631,3400,3231,13608,7010,6598,34730,18113,16617,55387,27119,28268,38863,17695,21168,13715,5035,8680,SK Mülheim a.d.Ruhr,5,Nordrhein-Westfalen
5119,"Oberhausen, Kreisfreie Stadt",210764,103569,107195,8079,4164,3915,16509,8446,8063,45039,23460,21579,69658,35201,34457,46894,21975,24919,14872,5483,9389,SK Oberhausen,5,Nordrhein-Westfalen
5120,"Remscheid, Kreisfreie Stadt",111338,54888,56450,4399,2231,2168,9153,4650,4503,23256,11982,11274,37057,18948,18109,24388,11493,12895,7944,2955,4989,SK Remscheid,5,Nordrhein-Westfalen
5122,"Solingen, Kreisfreie Stadt",159245,77306,81939,6187,3211,2976,13131,6746,6385,34071,17329,16742,53416,26191,27225,33421,15717,17704,11587,4334,7253,SK Solingen,5,Nordrhein-Westfalen
5124,"Wuppertal, Kreisfreie Stadt",355100,174133,180967,14309,7321,6988,29834,15328,14506,83126,42731,40395,114600,57780,56820,72645,33629,39016,24014,8910,15104,SK Wuppertal,5,Nordrhein-Westfalen
5154,"Kleve, Kreis",312465,155462,157003,11609,5984,5625,25228,13079,12149,68408,35937,32471,105170,52876,52294,68028,32865,35163,19514,7344,12170,LK Kleve,5,Nordrhein-Westfalen
5158,"Mettmann, Kreis",485570,234628,250942,18325,9431,8894,39937,20333,19604,92122,47422,44700,162542,79482,83060,112046,51542,60504,38249,15302,22947,LK Mettmann,5,Nordrhein-Westfalen
5162,Rhein-Kreis Neuss,451730,219545,232185,17740,9102,8638,38547,19842,18705,87483,45099,42384,155829,76222,79607,99678,46349,53329,31617,12438,19179,LK Rhein-Kreis Neuss,5,Nordrhein-Westfalen
5166,"Viersen, Kreis",298863,145826,153037,10581,5482,5099,23491,11941,11550,58877,30374,28503,103118,50793,52325,68231,32313,35918,20846,8039,12807,LK Viersen,5,Nordrhein-Westfalen
5170,"Wesel, Kreis",459976,223956,236020,16472,8492,7980,35379,18200,17179,89815,46662,43153,152870,74892,77978,110351,52198,58153,33992,13001,20991,LK Wesel,5,Nordrhein-Westfalen
5314,"Bonn, Kreisfreie Stadt",329673,157533,172140,13182,6813,6369,28379,14721,13658,89324,43609,45715,105234,51065,54169,58559,26493,32066,19687,7221,12466,SK Bonn,5,Nordrhein-Westfalen
5315,"Köln, Kreisfreie Stadt",1087863,530473,557390,44118,22663,21455,85229,43880,41349,287970,140498,147472,372300,187160,185140,189843,88093,101750,58471,23087,35384,SK Köln,5,Nordrhein-Westfalen
5316,"Leverkusen, Kreisfreie Stadt",163729,79776,83953,6466,3305,3161,13837,7183,6654,34576,17845,16731,55114,27410,27704,33721,15432,18289,12356,4748,7608,SK Leverkusen,5,Nordrhein-Westfalen
5334,Städteregion Aachen (einschl. Stadt Aachen),557026,281467,275559,20150,10224,9926,41499,21485,20014,150506,84340,66166,170751,85458,85293,114037,53707,60330,35763,13770,21993,StadtRegion Aachen,5,Nordrhein-Westfalen
5358,"Düren, Kreis",264638,131365,133273,10354,5382,4972,21541,11210,10331,56753,30091,26662,87206,43488,43718,59258,28246,31012,17091,6587,10504,LK Düren,5,Nordrhein-Westfalen
5362,Rhein-Erft-Kreis,470615,230055,240560,18931,9730,9201,39908,20487,19421,95877,49561,46316,160824,79021,81803,102674,48087,54587,30649,12172,18477,LK Rhein-Erft-Kreis,5,Nordrhein-Westfalen
5366,"Euskirchen, Kreis",193656,95537,98119,7287,3625,3662,15745,8090,7655,38984,20296,18688,65505,32388,33117,44303,21585,22718,12735,4988,7747,LK Euskirchen,5,Nordrhein-Westfalen
5370,"Heinsberg, Kreis",255555,126506,129049,9686,4990,4696,20808,10728,10080,53092,27977,25115,86774,42981,43793,56584,27401,29183,16461,6330,10131,LK Heinsberg,5,Nordrhein-Westfalen
5374,Oberbergischer Kreis,272057,133842,138215,10873,5539,5334,22996,11732,11264,56824,30016,26808,90210,44579,45631,59256,28272,30984,19086,7283,11803,LK Oberbergischer Kreis,5,Nordrhein-Westfalen
5378,Rheinisch-Bergischer Kreis,283271,137356,145915,10242,5246,4996,23425,12136,11289,53159,27498,25661,96843,47013,49830,64708,30253,34455,21940,8735,13205,LK Rheinisch-Bergischer Kreis,5,Nordrhein-Westfalen
5382,Rhein-Sieg-Kreis,600764,294400,306364,23052,11960,11092,52155,27065,25090,122282,63742,58540,203179,99244,103935,132402,62198,70204,39756,15991,23765,LK Rhein-Sieg-Kreis,5,Nordrhein-Westfalen
5512,"Bottrop, Kreisfreie Stadt",117565,57188,60377,4289,2219,2070,8895,4607,4288,24260,12557,11703,39142,19416,19726,27259,12726,14533,8336,2937,5399,SK Bottrop,5,Nordrhein-Westfalen
5513,"Gelsenkirchen, Kreisfreie Stadt",259645,129032,130613,11058,5622,5436,22437,11676,10761,58724,30987,27737,83554,42586,40968,54559,25948,28611,17078,5941,11137,SK Gelsenkirchen,5,Nordrhein-Westfalen
5515,"Münster, Kreisfreie Stadt",315293,151230,164063,11738,6038,5700,22895,11860,11035,98109,46584,51525,96408,47844,48564,54039,25134,28905,18282,6732,11550,SK Münster,5,Nordrhein-Westfalen
5554,"Borken, Kreis",371339,185565,185774,15325,7885,7440,32936,16771,16165,82886,43726,39160,125843,63626,62217,74191,36003,38188,22315,8431,13884,LK Borken,5,Nordrhein-Westfalen
5558,"Coesfeld, Kreis",220586,108836,111750,8717,4425,4292,18343,9521,8822,44939,23744,21195,74908,37025,37883,48837,23449,25388,14296,5307,8989,LK Coesfeld,5,Nordrhein-Westfalen
5562,"Recklinghausen, Kreis",614137,299253,314884,22981,11797,11184,48103,24831,23272,123027,63799,59228,203515,100886,102629,144275,67715,76560,44351,16185,28166,LK Recklinghausen,5,Nordrhein-Westfalen
5566,"Steinfurt, Kreis",448220,222878,225342,18315,9396,8919,39023,20199,18824,97172,51347,45825,151923,75982,75941,92016,44436,47580,28710,10791,17919,LK Steinfurt,5,Nordrhein-Westfalen
5570,"Warendorf, Kreis",277840,137208,140632,10637,5446,5191,23767,12232,11535,57806,30444,27362,93261,46567,46694,60028,28686,31342,19068,7093,11975,LK Warendorf,5,Nordrhein-Westfalen
5711,"Bielefeld, Kreisfreie Stadt",334195,161093,173102,13493,6852,6641,27979,14331,13648,84480,41784,42696,106004,52635,53369,63728,29319,34409,23142,8528,14614,SK Bielefeld,5,Nordrhein-Westfalen
5754,"Gütersloh, Kreis",364938,182215,182723,14720,7533,7187,31713,16304,15409,80349,42836,37513,124456,62620,61836,72857,35080,37777,23612,8989,14623,LK Gütersloh,5,Nordrhein-Westfalen
5758,"Herford, Kreis",250578,123033,127545,9451,4873,4578,20908,10777,10131,51244,26770,24474,83646,41638,42008,54386,25975,28411,19241,7114,12127,LK Herford,5,Nordrhein-Westfalen
5762,"Höxter, Kreis",140251,69864,70387,4934,2555,2379,11443,5891,5552,28510,15344,13166,45817,23024,22793,32446,15814,16632,10526,3933,6593,LK Höxter,5,Nordrhein-Westfalen
5766,"Lippe, Kreis",347514,170528,176986,13816,7057,6759,30691,15836,14855,72565,38106,34459,110485,54688,55797,76864,36408,40456,26693,10147,16546,LK Lippe,5,Nordrhein-Westfalen
5770,"Minden-Lübbecke, Kreis",310409,153244,157165,12045,6337,5708,26568,13576,12992,65277,34553,30724,100708,50200,50508,67878,32314,35564,23319,8816,14503,LK Minden-Lübbecke,5,Nordrhein-Westfalen
5774,"Paderborn, Kreis",307839,154132,153707,12370,6408,5962,26303,13497,12806,77453,41073,36380,99491,50294,49197,59912,28826,31086,17458,6534,10924,LK Paderborn,5,Nordrhein-Westfalen
5911,"Bochum, Kreisfreie Stadt",365587,178131,187456,12985,6676,6309,25955,13518,12437,90117,46380,43737,114707,57497,57210,79358,36714,42644,26540,9310,17230,SK Bochum,5,Nordrhein-Westfalen
5913,"Dortmund, Kreisfreie Stadt",588250,289339,298911,23385,11987,11398,46555,23561,22994,143061,74790,68271,190533,95611,94922,119232,55407,63825,38934,14595,24339,SK Dortmund,5,Nordrhein-Westfalen
5914,"Hagen, Kreisfreie Stadt",188686,92214,96472,7706,3953,3753,15801,8151,7650,41284,21410,19874,60503,30339,30164,40934,18931,22003,13829,5068,8761,SK Hagen,5,Nordrhein-Westfalen
5915,"Hamm, Kreisfreie Stadt",179916,88554,91362,6952,3500,3452,15460,7979,7481,41024,21455,19569,58676,29564,29112,37810,17614,20196,11877,4371,7506,SK Hamm,5,Nordrhein-Westfalen
5916,"Herne, Kreisfreie Stadt",156449,76795,79654,5914,2979,2935,12287,6333,5954,34952,18199,16753,51487,26212,25275,33855,15661,18194,11025,3818,7207,SK Herne,5,Nordrhein-Westfalen
5954,Ennepe-Ruhr-Kreis,324106,157395,166711,11766,6029,5737,24273,12428,11845,64601,33381,31220,107683,53224,54459,76719,35802,40917,24605,9246,15359,LK Ennepe-Ruhr-Kreis,5,Nordrhein-Westfalen
5958,Hochsauerlandkreis,259777,129719,130058,9259,4714,4545,20471,10582,9889,54342,29278,25064,86566,43736,42830,58301,28257,30044,18957,7050,11907,LK Hochsauerlandkreis,5,Nordrhein-Westfalen
5962,Märkischer Kreis,410222,201975,208247,15347,7916,7431,33335,17213,16122,84893,44679,40214,136721,68030,68691,91502,43258,48244,29240,11130,18110,LK Märkischer Kreis,5,Nordrhein-Westfalen
5966,"Olpe, Kreis",133955,67146,66809,5005,2558,2447,11033,5807,5226,28550,15082,13468,45938,23241,22697,28389,13957,14432,8729,3241,5488,LK Olpe,5,Nordrhein-Westfalen
5970,"Siegen-Wittgenstein, Kreis",276944,137591,139353,10695,5508,5187,21794,11324,10470,63489,33187,30302,88444,44823,43621,60681,28887,31794,19090,7408,11682,LK Siegen-Wittgenstein,5,Nordrhein-Westfalen
5974,"Soest, Kreis",301785,149882,151903,11321,5797,5524,24998,12997,12001,63008,33705,29303,101497,50849,50648,65986,31443,34543,20863,7813,13050,LK Soest,5,Nordrhein-Westfalen
5978,"Unna, Kreis",394891,192351,202540,14576,7432,7144,31318,16145,15173,79283,41358,37925,131509,65079,66430,92007,42941,49066,28263,10345,17918,LK Unna,5,Nordrhein-Westfalen
6,Hessen,6288080,3105260,3182820,245140,125849,119291,514928,264123,250805,1403498,727377,676121,2118353,1059408,1058945,1312645,623892,688753,404039,157418,246621,Hessen,6,Hessen
6411,"Darmstadt, Kreisfreie Stadt",159878,81439,78439,6436,3269,3167,12544,6416,6128,49810,27825,21985,47895,24302,23593,27520,12748,14772,8655,3287,5368,SK Darmstadt,6,Hessen
6412,"Frankfurt am Main, Kreisfreie Stadt",763380,376802,386578,34087,17406,16681,62487,31747,30740,201201,99297,101904,271680,139027,132653,121943,57573,64370,35263,13163,22100,SK Frankfurt am Main,6,Hessen
6413,"Offenbach am Main, Kreisfreie Stadt",130280,64603,65677,6150,3153,2997,11656,5919,5737,33732,16999,16733,43884,22449,21435,21960,10340,11620,6411,2449,3962,SK Offenbach,6,Hessen
6414,"Wiesbaden, Landeshauptstadt, Kreisfreie Stadt",278474,133104,145370,12141,6188,5953,24172,12379,11793,63680,31396,32284,93315,44978,48337,54720,24958,29762,17689,6801,10888,SK Wiesbaden,6,Hessen
6431,"Bergstraße, Landkreis",270340,133608,136732,10112,5141,4971,21401,10935,10466,53777,28441,25336,92103,45785,46318,62178,29785,32393,18273,7157,11116,LK Bergstraße,6,Hessen
6432,"Darmstadt-Dieburg, Landkreis",297844,148046,149798,11631,5888,5743,25071,12850,12221,61613,32554,29059,102847,51243,51604,64904,31140,33764,17998,7316,10682,LK Darmstadt-Dieburg,6,Hessen
6433,"Groß-Gerau, Landkreis",275726,138083,137643,11859,6134,5725,23950,12200,11750,61692,32353,29339,95175,48584,46591,53972,25585,28387,16069,6548,9521,LK Groß-Gerau,6,Hessen
6434,Hochtaunuskreis,236914,115143,121771,8706,4508,4198,21797,11218,10579,43576,22830,20746,83168,40347,42821,51308,23842,27466,17604,7001,10603,LK Hochtaunuskreis,6,Hessen
6435,Main-Kinzig-Kreis,420552,207433,213119,16191,8381,7810,34559,17773,16786,87360,45466,41894,143239,71309,71930,92950,43970,48980,27191,10803,16388,LK Main-Kinzig-Kreis,6,Hessen
6436,Main-Taunus-Kreis,238558,116820,121738,9476,4837,4639,21737,11212,10525,46217,24000,22217,84949,41884,43065,48971,22664,26307,16136,6657,9479,LK Main-Taunus-Kreis,6,Hessen
6437,Odenwaldkreis,96703,47855,48848,3373,1795,1578,7379,3739,3640,19215,10136,9079,31819,15838,15981,23459,11410,12049,7116,2768,4348,LK Odenwaldkreis,6,Hessen
6438,"Offenbach, Landkreis",355813,175379,180434,14648,7502,7146,30313,15692,14621,73760,38307,35453,121977,60719,61258,75308,35365,39943,23204,9314,13890,LK Offenbach,6,Hessen
6439,Rheingau-Taunus-Kreis,187160,92025,95135,6572,3409,3163,15050,7747,7303,36000,18980,17020,64493,31702,32791,43595,20714,22881,13049,5278,7771,LK Rheingau-Taunus-Kreis,6,Hessen
6440,Wetteraukreis,308339,152469,155870,11512,5869,5643,25797,13287,12510,63067,33245,29822,106926,53023,53903,66710,32153,34557,20006,7624,12382,LK Wetteraukreis,6,Hessen
6531,"Gießen, Landkreis",270688,133185,137503,10398,5418,4980,20405,10371,10034,74170,37366,36804,83328,41673,41655,54115,25825,28290,16169,6333,9836,LK Gießen,6,Hessen
6532,Lahn-Dill-Kreis,253319,124903,128416,9394,4832,4562,20528,10655,9873,52673,27595,25078,84289,41993,42296,56845,27147,29698,17865,6769,11096,LK Lahn-Dill-Kreis,6,Hessen
6533,"Limburg-Weilburg, Landkreis",171912,85419,86493,6178,3152,3026,13842,7090,6752,35987,19024,16963,57906,29009,28897,38531,18623,19908,11419,4378,7041,LK Limburg-Weilburg,6,Hessen
6534,"Marburg-Biedenkopf, Landkreis",247084,121619,125465,8674,4447,4227,19403,9935,9468,65103,32771,32332,77752,39095,38657,49523,23758,25765,15576,6008,9568,LK Marburg-Biedenkopf,6,Hessen
6535,Vogelsbergkreis,105643,52861,52782,3430,1746,1684,7784,3984,3800,19854,10691,9163,34921,17612,17309,26179,12972,13207,8671,3403,5268,LK Vogelsbergkreis,6,Hessen
6611,"Kassel, Kreisfreie Stadt",202137,99319,102818,8164,4184,3980,15407,8050,7357,56287,29340,26947,61602,30603,30999,39079,17967,21112,12624,4544,8080,SK Kassel,6,Hessen
6631,"Fulda, Landkreis",223145,110782,112363,8517,4403,4114,18215,9344,8871,50509,26442,24067,72950,36732,36218,46775,22575,24200,15971,6152,9819,LK Fulda,6,Hessen
6632,"Hersfeld-Rotenburg, Landkreis",120719,60512,60207,4346,2268,2078,9545,4964,4581,23932,12834,11098,39200,19946,19254,28793,13973,14820,9402,3715,5687,LK Hersfeld-Rotenburg,6,Hessen
6633,"Kassel, Landkreis",236764,116153,120611,8320,4233,4087,18214,9403,8811,44250,23176,21074,78589,38896,39693,58642,28040,30602,18198,7093,11105,LK Kassel,6,Hessen
6634,Schwalm-Eder-Kreis,179673,89941,89732,5988,3084,2904,13927,7139,6788,35233,18947,16286,60447,30692,29755,42614,20745,21869,13292,5105,8187,LK Schwalm-Eder-Kreis,6,Hessen
6635,"Waldeck-Frankenberg, Landkreis",156406,77901,78505,5536,2855,2681,12480,6398,6082,31086,16775,14311,51740,25913,25827,36598,17715,18883,11851,4565,7286,LK Waldeck-Frankenberg,6,Hessen
6636,Werra-Meißner-Kreis,100629,49856,50773,3301,1747,1554,7265,3676,3589,19714,10587,9127,32159,16054,16105,25453,12305,13148,8337,3187,5150,LK Werra-Meißner-Kreis,6,Hessen
7,Rheinland-Pfalz,4093903,2023004,2070899,154276,79277,74999,323211,166522,156689,879153,457330,421823,1351618,676317,675301,914543,438976,475567,282032,108937,173095,Rheinland-Pfalz,7,Rheinland-Pfalz
7111,"Koblenz, Kreisfreie Stadt",114052,55754,58298,4165,2147,2018,8125,4157,3968,30935,15850,15085,34180,17283,16897,23252,10704,12548,8468,3080,5388,SK Koblenz,7,Rheinland-Pfalz
7131,"Ahrweiler, Landkreis",130086,64033,66053,4694,2428,2266,9738,4993,4745,25502,13395,12107,42295,20941,21354,31564,15180,16384,10516,4171,6345,LK Ahrweiler,7,Rheinland-Pfalz
7132,"Altenkirchen (Westerwald), Landkreis",128805,63882,64923,4793,2474,2319,10432,5350,5082,26365,13897,12468,42622,21416,21206,29524,14247,15277,9079,3429,5650,LK Altenkirchen,7,Rheinland-Pfalz
7133,"Bad Kreuznach, Landkreis",158345,77387,80958,5881,2992,2889,12676,6539,6137,31238,16174,15064,52098,25660,26438,37843,18010,19833,11399,4416,6983,LK Bad Kreuznach,7,Rheinland-Pfalz
7134,"Birkenfeld, Landkreis",80951,40111,40840,3056,1581,1475,6053,3100,2953,16296,8728,7568,25601,12809,12792,19767,9538,10229,6512,2506,4006,LK Birkenfeld,7,Rheinland-Pfalz
7135,"Cochem-Zell, Landkreis",61375,30760,30615,1995,1026,969,4410,2293,2117,11938,6411,5527,20253,10212,10041,15088,7491,7597,4903,1847,3056,LK Cochem-Zell,7,Rheinland-Pfalz
7137,"Mayen-Koblenz, Landkreis",214434,105889,108545,8148,4171,3977,16966,8656,8310,43949,22965,20984,71727,35758,35969,48773,23534,25239,14748,5753,8995,LK Mayen-Koblenz,7,Rheinland-Pfalz
7138,"Neuwied, Landkreis",182811,90104,92707,7134,3651,3483,14988,7739,7249,37651,19671,17980,59981,29727,30254,41593,20034,21559,12983,5049,7934,LK Neuwied,7,Rheinland-Pfalz
7140,Rhein-Hunsrück-Kreis,103163,51379,51784,3742,1959,1783,7964,4092,3872,20395,10843,9552,34407,17160,17247,24426,12038,12388,7372,2844,4528,LK Rhein-Hunsrück-Kreis,7,Rheinland-Pfalz
7141,Rhein-Lahn-Kreis,122297,60517,61780,4353,2182,2171,9598,4877,4721,23635,12370,11265,40924,20536,20388,29428,14177,15251,8807,3587,5220,LK Rhein-Lahn-Kreis,7,Rheinland-Pfalz
7143,Westerwaldkreis,201904,100239,101665,7519,3893,3626,16543,8421,8122,41214,21500,19714,69223,34771,34452,44546,21582,22964,13428,5155,8273,LK Westerwaldkreis,7,Rheinland-Pfalz
7211,"Trier, Kreisfreie Stadt",111528,55053,56475,3868,2038,1830,7762,4094,3668,34394,17443,16951,34286,17535,16751,19704,9116,10588,6650,2296,4354,SK Trier,7,Rheinland-Pfalz
7231,"Bernkastel-Wittlich, Landkreis",112483,56323,56160,4120,2124,1996,8805,4511,4294,22106,11655,10451,37673,19199,18474,26137,12905,13232,8391,3271,5120,LK Bernkastel-Wittlich,7,Rheinland-Pfalz
7232,Eifelkreis Bitburg-Prüm,99058,49869,49189,3926,2020,1906,8029,4223,3806,20805,10990,9815,33499,17057,16442,21520,10728,10792,6521,2451,4070,LK Bitburg-Prüm,7,Rheinland-Pfalz
7233,"Vulkaneifel, Landkreis",60646,30441,30205,1968,1021,947,4490,2319,2171,11860,6387,5473,19669,9806,9863,15242,7592,7650,4716,1931,2785,LK Vulkaneifel,7,Rheinland-Pfalz
7235,"Trier-Saarburg, Landkreis",149398,73878,75520,5509,2783,2726,12799,6543,6256,29065,15074,13991,52506,26253,26253,32636,15991,16645,9859,3696,6163,LK Trier-Saarburg,7,Rheinland-Pfalz
7311,"Frankenthal (Pfalz), Kreisfreie Stadt",48762,23703,25059,2033,1042,991,4006,2103,1903,10486,5406,5080,15563,7811,7752,10601,4756,5845,3832,1466,2366,SK Frankenthal,7,Rheinland-Pfalz
7312,"Kaiserslautern, Kreisfreie Stadt",100030,50503,49527,3847,1942,1905,7035,3637,3398,28635,16277,12358,29348,14731,14617,20531,9365,11166,6330,2360,3970,SK Kaiserslautern,7,Rheinland-Pfalz
7313,"Landau in der Pfalz, Kreisfreie Stadt",46881,22274,24607,1718,918,800,3392,1714,1678,13283,6132,7151,14413,7189,7224,9196,4299,4897,2911,1035,1876,SK Landau i.d.Pfalz,7,Rheinland-Pfalz
7314,"Ludwigshafen am Rhein, Kreisfreie Stadt",172253,86486,85767,7821,4029,3792,15414,7967,7447,41548,21938,19610,56819,29415,27404,31893,14975,16918,10640,4079,6561,SK Ludwigshafen,7,Rheinland-Pfalz
7315,"Mainz, Kreisfreie Stadt",218578,106387,112191,8214,4195,4019,15598,8208,7390,67358,32671,34687,67802,34238,33564,37713,17423,20290,12245,4714,7531,SK Mainz,7,Rheinland-Pfalz
7316,"Neustadt an der Weinstraße, Kreisfreie Stadt",53264,26025,27239,2033,1026,1007,4058,2075,1983,10651,5588,5063,16848,8366,8482,12731,5965,6766,4441,1729,2712,SK Neustadt a.d.Weinstraße,7,Rheinland-Pfalz
7317,"Pirmasens, Kreisfreie Stadt",40231,19685,20546,1381,702,679,3038,1601,1437,8339,4368,3971,12193,6099,6094,9876,4676,5200,3567,1296,2271,SK Pirmasens,7,Rheinland-Pfalz
7318,"Speyer, Kreisfreie Stadt",50561,24455,26106,1843,973,870,3946,2054,1892,10496,5403,5093,16648,8199,8449,11557,5258,6299,3686,1342,2344,SK Speyer,7,Rheinland-Pfalz
7319,"Worms, Kreisfreie Stadt",83542,41238,42304,3486,1760,1726,6988,3587,3401,19433,10204,9229,26804,13611,13193,17553,8116,9437,5366,1982,3384,SK Worms,7,Rheinland-Pfalz
7320,"Zweibrücken, Kreisfreie Stadt",34193,16943,17250,1192,625,567,2631,1314,1317,7656,4154,3502,10633,5388,5245,7953,3688,4265,2582,996,1586,SK Zweibrücken,7,Rheinland-Pfalz
7331,"Alzey-Worms, Landkreis",129687,64482,65205,5102,2536,2566,10827,5582,5245,26161,13712,12449,44707,22330,22377,29226,14318,14908,7423,2893,4530,LK Alzey-Worms,7,Rheinland-Pfalz
7332,"Bad Dürkheim, Landkreis",132671,64871,67800,4636,2339,2297,10050,5257,4793,24041,12507,11534,44968,22083,22885,33254,15842,17412,9738,3898,5840,LK Bad Dürkheim,7,Rheinland-Pfalz
7333,Donnersbergkreis,75325,37331,37994,2772,1392,1380,6071,3091,2980,14787,7761,7026,25413,12662,12751,17753,8763,8990,4977,1906,3071,LK Donnersbergkreis,7,Rheinland-Pfalz
7334,"Germersheim, Landkreis",129013,64277,64736,5056,2627,2429,10745,5569,5176,27203,14158,13045,44353,22369,21984,27704,13427,14277,7802,3008,4794,LK Germersheim,7,Rheinland-Pfalz
7335,"Kaiserslautern, Landkreis",105979,52078,53901,4715,2405,2310,8799,4561,4238,20888,10785,10103,34766,17100,17666,24471,11918,12553,7142,2722,4420,LK Kaiserslautern,7,Rheinland-Pfalz
7336,"Kusel, Landkreis",70219,34874,35345,2538,1311,1227,5192,2640,2552,13301,6985,6316,22831,11427,11404,17783,8762,9021,5282,2078,3204,LK Kusel,7,Rheinland-Pfalz
7337,"Südliche Weinstraße, Landkreis",110521,54419,56102,3853,1996,1857,8592,4422,4170,20599,10670,9929,37757,18682,19075,26807,12971,13836,7808,3083,4725,LK Südliche Weinstraße,7,Rheinland-Pfalz
7338,Rhein-Pfalz-Kreis,154609,76324,78285,6207,3278,2929,12594,6514,6080,29138,15147,13991,52777,26169,26608,35507,16959,18548,11120,4573,6547,LK Rhein-Pfalz-Kreis,7,Rheinland-Pfalz
7339,"Mainz-Bingen, Landkreis",211417,104277,107140,8016,4177,3839,18259,9429,8830,40559,21028,19531,74540,36746,37794,47047,22716,24331,12863,5119,7744,LK Mainz-Bingen,7,Rheinland-Pfalz
7340,"Südwestpfalz, Landkreis",94831,46753,48078,2942,1514,1428,6598,3290,3308,17243,9083,8160,31491,15579,15912,24344,11912,12432,7925,3176,4749,LK Südwestpfalz,7,Rheinland-Pfalz
8,"Baden-Württemberg, Land",11100394,5516440,5583954,438512,224845,213667,909772,467056,442716,2560198,1340575,1219623,3689101,1863047,1826054,2264270,1075819,1188451,720138,281681,438457,Baden-Württemberg,8,Baden-Württemberg
8111,"Stuttgart, Landeshauptstadt, Stadtkreis",635911,317794,318117,24717,12735,11982,47239,24181,23058,175472,90460,85012,212681,109841,102840,108142,50719,57423,38374,14837,23537,SK Stuttgart,8,Baden-Württemberg
8115,"Böblingen, Landkreis",392807,195497,197310,16943,8606,8337,34112,17495,16617,86402,45250,41152,133200,67323,65877,78526,37177,41349,24865,10194,14671,LK Böblingen,8,Baden-Württemberg
8116,"Esslingen, Landkreis",535024,267334,267690,20859,10711,10148,43813,22449,21364,120369,64043,56326,181779,92361,89418,107941,50834,57107,35484,14232,21252,LK Esslingen,8,Baden-Württemberg
8117,"Göppingen, Landkreis",258145,128649,129496,10195,5205,4990,21262,10775,10487,55449,29461,25988,85910,43629,42281,55376,26310,29066,18021,7201,10820,LK Göppingen,8,Baden-Württemberg
8118,"Ludwigsburg, Landkreis",545423,270799,274624,22876,11795,11081,46752,23914,22838,120435,62738,57697,186842,94709,92133,108528,50960,57568,34503,13742,20761,LK Ludwigsburg,8,Baden-Württemberg
8119,"Rems-Murr-Kreis, Landkreis",427248,211395,215853,16887,8725,8162,35257,18048,17209,91766,47920,43846,144745,72677,72068,89421,42315,47106,29162,11611,17551,LK Rems-Murr-Kreis,8,Baden-Württemberg
8121,"Heilbronn, , Universitätsstadt, Stadtkreis",126592,63802,62790,5367,2738,2629,10710,5542,5168,32073,17352,14721,40658,21143,19515,23792,10950,12842,8144,3052,5092,SK Heilbronn,8,Baden-Württemberg
8125,"Heilbronn, Landkreis",344456,172994,171462,14272,7467,6805,29106,14892,14214,75552,39854,35698,119064,60660,58404,69677,33617,36060,20311,8077,12234,LK Heilbronn,8,Baden-Württemberg
8126,"Hohenlohekreis, Landkreis",112655,56872,55783,4504,2298,2206,9438,4914,4524,25503,13618,11885,37866,19399,18467,23070,11228,11842,7006,2725,4281,LK Hohenlohekreis,8,Baden-Württemberg
8127,"Schwäbisch Hall, Landkreis",196761,98720,98041,8118,4177,3941,16759,8519,8240,44097,23424,20673,65878,33701,32177,40455,19509,20946,11712,4359,7353,LK Schwäbisch Hall,8,Baden-Württemberg
8128,"Main-Tauber-Kreis, Landkreis",132399,65992,66407,4937,2563,2374,10339,5305,5034,27431,14626,12805,43467,21863,21604,30494,14808,15686,9531,3665,5866,LK Main-Tauber-Kreis,8,Baden-Württemberg
8135,"Heidenheim, Landkreis",132777,66089,66688,5009,2517,2492,11092,5688,5404,28684,15332,13352,43510,22115,21395,28360,13513,14847,9807,3765,6042,LK Heidenheim,8,Baden-Württemberg
8136,"Ostalbkreis, Landkreis",314025,156464,157561,11946,6088,5858,25979,13345,12634,70561,36943,33618,104049,52849,51200,66302,31889,34413,20502,7898,12604,LK Ostalbkreis,8,Baden-Württemberg
8211,"Baden-Baden, Stadtkreis",55185,26522,28663,1862,967,895,3883,2075,1808,10756,5633,5123,18098,8770,9328,13312,5965,7347,4902,1909,2993,SK Baden-Baden,8,Baden-Württemberg
8212,"Karlsruhe, Stadtkreis",312060,159887,152173,10982,5551,5431,21646,11277,10369,91633,51741,39892,99190,51113,48077,55986,26045,29941,19124,7199,11925,SK Karlsruhe,8,Baden-Württemberg
8215,"Karlsruhe, Landkreis",445101,221685,223416,16638,8442,8196,36638,18958,17680,92594,49404,43190,152532,76711,75821,96324,45973,50351,29529,11598,17931,LK Karlsruhe,8,Baden-Württemberg
8216,"Rastatt, Landkreis",231420,114941,116479,8597,4434,4163,18404,9458,8946,47506,24953,22553,78551,39536,39015,51304,24689,26615,16076,6234,9842,LK Rastatt,8,Baden-Württemberg
8221,"Heidelberg, Stadtkreis",161485,77638,83847,6303,3225,3078,11055,5625,5430,53623,25666,27957,48725,24358,24367,26094,11976,14118,8593,3195,5398,SK Heidelberg,8,Baden-Württemberg
8222,"Mannheim, Stadtkreis",310658,155007,155651,12252,6314,5938,22846,11909,10937,85848,44385,41463,101012,52107,48905,56575,26152,30423,18146,6913,11233,SK Mannheim,8,Baden-Württemberg
8225,"Neckar-Odenwald-Kreis, Landkreis",143633,72186,71447,5278,2777,2501,11269,5745,5524,30156,16422,13734,47837,24098,23739,32605,15821,16784,9697,3786,5911,LK Neckar-Odenwald-Kreis,8,Baden-Württemberg
8226,"Rhein-Neckar-Kreis, Landkreis",548355,269715,278640,21200,10983,10217,45766,23631,22135,112885,58845,54040,186655,92518,94137,120243,56718,63525,36303,14349,21954,LK Rhein-Neckar-Kreis,8,Baden-Württemberg
8231,"Pforzheim, Stadtkreis",125957,61998,63959,5576,2756,2820,10837,5573,5264,31103,16307,14796,39427,20038,19389,24351,11056,13295,8624,3148,5476,SK Pforzheim,8,Baden-Württemberg
8235,"Calw, Landkreis",159201,79850,79351,6129,3191,2938,13349,6986,6363,33994,18088,15906,53351,27030,26321,34153,16526,17627,10672,4139,6533,LK Calw,8,Baden-Württemberg
8236,"Enzkreis, Landkreis",199556,99072,100484,7826,3977,3849,16445,8523,7922,41410,21911,19499,67820,34038,33782,43119,20674,22445,13485,5274,8211,LK Enzkreis,8,Baden-Württemberg
8237,"Freudenstadt, Landkreis",118243,59082,59161,4483,2270,2213,9771,5042,4729,25627,13703,11924,39676,19972,19704,25137,12243,12894,7960,3009,4951,LK Freudenstadt,8,Baden-Württemberg
8311,"Freiburg im Breisgau, Stadtkreis",231195,110333,120862,9427,4838,4589,17545,8927,8618,72118,34027,38091,70532,35047,35485,38754,17799,20955,12216,4487,7729,SK Freiburg i.Breisgau,8,Baden-Württemberg
8315,"Breisgau-Hochschwarzwald, Landkreis",263601,129954,133647,10435,5418,5017,22412,11490,10922,54675,28699,25976,87212,42985,44227,58575,27805,30770,17967,7297,10670,LK Breisgau-Hochschwarzwald,8,Baden-Württemberg
8316,"Emmendingen, Landkreis",166408,82244,84164,6573,3331,3242,13954,7189,6765,34378,18109,16269,56221,27928,28293,36529,17457,19072,10744,4182,6562,LK Emmendingen,8,Baden-Württemberg
8317,"Ortenaukreis, Landkreis",430953,214820,216133,16964,8667,8297,36299,18571,17728,92884,48976,43908,142941,72373,70568,92015,44435,47580,29372,11410,17962,LK Ortenaukreis,8,Baden-Württemberg
8325,"Rottweil, Landkreis",139878,70004,69874,5605,2891,2714,11859,6126,5733,30066,15820,14246,46243,23530,22713,29790,14407,15383,9542,3753,5789,LK Rottweil,8,Baden-Württemberg
8326,"Schwarzwald-Baar-Kreis, Landkreis",212506,105394,107112,8337,4213,4124,17337,8892,8445,46520,24646,21874,67884,34278,33606,46648,22217,24431,15851,6177,9674,LK Schwarzwald-Baar-Kreis,8,Baden-Württemberg
8327,"Tuttlingen, Landkreis",140766,70847,69919,5978,3005,2973,12737,6527,6210,31979,17023,14956,46190,23734,22456,27908,13414,14494,9135,3661,5474,LK Tuttlingen,8,Baden-Württemberg
8335,"Konstanz, Landkreis",286305,139337,146968,10919,5581,5338,22839,11603,11236,69099,35466,33633,91796,44855,46941,59233,27807,31426,19476,7582,11894,LK Konstanz,8,Baden-Württemberg
8336,"Lörrach, Landkreis",228736,112047,116689,9154,4653,4501,19968,10189,9779,48211,24948,23263,77518,38028,39490,47707,22710,24997,15142,5892,9250,LK Lörrach,8,Baden-Württemberg
8337,"Waldshut, Landkreis",171003,84828,86175,6700,3453,3247,15161,7750,7411,36032,18886,17146,56181,28084,28097,37318,17921,19397,11508,4606,6902,LK Waldshut,8,Baden-Württemberg
8415,"Reutlingen, Landkreis",287034,142281,144753,11571,5966,5605,24093,12392,11701,62943,32974,29969,95979,48190,47789,59367,28186,31181,19604,7697,11907,LK Reutlingen,8,Baden-Württemberg
8416,"Tübingen, Landkreis",228678,111504,117174,9270,4801,4469,18345,9355,8990,64250,31416,32834,71387,35592,35795,42186,20204,21982,12427,4744,7683,LK Tübingen,8,Baden-Württemberg
8417,"Zollernalbkreis, Landkreis",189363,93921,95442,6964,3508,3456,15149,7761,7388,40090,21327,18763,62676,31648,31028,41760,19975,21785,14033,5329,8704,LK Zollernalbkreis,8,Baden-Württemberg
8421,"Ulm, Stadtkreis",126790,62913,63877,4977,2585,2392,10162,5194,4968,35719,18659,17060,39935,20399,19536,22949,10401,12548,7419,2844,4575,SK Ulm,8,Baden-Württemberg
8425,"Alb-Donau-Kreis, Landkreis",197076,99480,97596,8178,4174,4004,17321,8846,8475,43983,23410,20573,66565,34096,32469,39521,19336,20185,12157,4795,7362,LK Alb-Donau-Kreis,8,Baden-Württemberg
8426,"Biberach, Landkreis",201282,101390,99892,8782,4484,4298,18132,9296,8836,45343,23876,21467,67821,34653,33168,39644,19486,20158,11738,4588,7150,LK Biberach,8,Baden-Württemberg
8435,"Bodenseekreis, Landkreis",217470,107252,110218,8292,4229,4063,17518,8931,8587,45853,23920,21933,71693,35747,35946,49071,23120,25951,15161,6283,8878,LK Bodenseekreis,8,Baden-Württemberg
8436,"Ravensburg, Landkreis",285424,142334,143090,11594,6009,5585,24238,12515,11723,65997,34668,31329,94588,47511,47077,58282,28007,30275,17550,6926,10624,LK Ravensburg,8,Baden-Württemberg
8437,"Sigmaringen, Landkreis",130849,65573,65276,5036,2527,2509,10936,5633,5303,29129,15646,13483,43216,21810,21406,27726,13465,14261,8563,3317,5246,LK Sigmaringen,8,Baden-Württemberg
9,Bayern,13124737,6507691,6617046,514859,263531,251328,1044728,536473,508255,2965199,1544306,1420893,4440438,2238120,2202318,2722984,1296213,1426771,831499,321092,510407,Bayern,9,Bayern
9161,Ingolstadt,137392,69471,67921,5995,3047,2948,11065,5745,5320,34733,18657,16076,45680,23622,22058,25341,11849,13492,8135,3143,4992,SK Ingolstadt,9,Bayern
9162,"München, Landeshauptstadt",1484226,723663,760563,64903,33026,31877,112130,57419,54711,402637,200910,201727,504044,252307,251737,252625,114931,137694,79449,30721,48728,SK München,9,Bayern
9163,Rosenheim,63551,31357,32194,2570,1371,1199,4965,2510,2455,15955,8373,7582,20885,10570,10315,12485,5679,6806,3797,1383,2414,SK Rosenheim,9,Bayern
9171,"Altötting, Landkreis",111516,55205,56311,4513,2310,2203,9125,4674,4451,23299,12268,11031,37039,18862,18177,24596,11534,13062,7689,2886,4803,LK Altötting,9,Bayern
9172,"Berchtesgadener Land, Landkreis",105929,52153,53776,3917,2019,1898,7966,4098,3868,22867,12128,10739,34424,17255,17169,23999,11167,12832,7995,3070,4925,LK Berchtesgadener Land,9,Bayern
9173,"Bad Tölz-Wolfratshausen, Landkreis",127917,63164,64753,5156,2653,2503,10634,5534,5100,26611,13898,12713,43724,21691,22033,27330,12936,14394,8568,3432,5136,LK Bad Tölz-Wolfratshausen,9,Bayern
9174,"Dachau, Landkreis",154899,77524,77375,6575,3336,3239,13402,6942,6460,33843,17781,16062,55456,28040,27416,29629,14312,15317,8718,3460,5258,LK Dachau,9,Bayern
9175,"Ebersberg, Landkreis",143649,71806,71843,5859,3000,2859,13503,6974,6529,30186,15937,14249,51991,26102,25889,26881,12823,14058,8420,3451,4969,LK Ebersberg,9,Bayern
9176,"Eichstätt, Landkreis",132881,67518,65363,6054,3017,3037,11956,6177,5779,30105,15917,14188,45850,23722,22128,24991,12423,12568,7317,2924,4393,LK Eichstätt,9,Bayern
9177,"Erding, Landkreis",138182,69629,68553,5631,2889,2742,12028,6207,5821,30801,16038,14763,50896,25930,24966,25339,12418,12921,6955,2792,4163,LK Erding,9,Bayern
9178,"Freising, Landkreis",180007,92107,87900,7464,3844,3620,15242,7871,7371,44773,23866,20907,64617,33567,31050,30829,15069,15760,8388,3370,5018,LK Freising,9,Bayern
9179,"Fürstenfeldbruck, Landkreis",219311,107802,111509,8759,4491,4268,19242,9860,9382,45088,23438,21650,75761,37862,37899,45874,21106,24768,14650,5984,8666,LK Fürstenfeldbruck,9,Bayern
9180,"Garmisch-Partenkirchen, Landkreis",88424,42916,45508,3199,1671,1528,6511,3368,3143,17975,9464,8511,28982,14131,14851,20791,9555,11236,7254,2864,4390,LK Garmisch-Partenkirchen,9,Bayern
9181,"Landsberg am Lech, Landkreis",120302,60066,60236,4619,2347,2272,10409,5307,5102,25235,13542,11693,42195,20986,21209,25061,12120,12941,7146,2905,4241,LK Landsberg a.Lech,9,Bayern
9182,"Miesbach, Landkreis",100010,48999,51011,3742,1920,1822,8192,4260,3932,20014,10487,9527,34600,16992,17608,21994,10250,11744,7073,2849,4224,LK Miesbach,9,Bayern
9183,"Mühldorf a.Inn, Landkreis",115872,58718,57154,4634,2428,2206,9742,5082,4660,25552,13616,11936,39364,20324,19040,24455,11840,12615,6762,2593,4169,LK Mühldorf a.Inn,9,Bayern
9184,"München, Landkreis",350473,174436,176037,13563,6907,6656,32405,16632,15773,74873,40209,34664,122539,61261,61278,68324,31738,36586,22834,9606,13228,LK München,9,Bayern
9185,"Neuburg-Schrobenhausen, Landkreis",97303,48931,48372,3956,1989,1967,8423,4296,4127,21161,11169,9992,33611,17288,16323,19834,9659,10175,5595,2154,3441,LK Neuburg-Schrobenhausen,9,Bayern
9186,"Pfaffenhofen a.d.Ilm, Landkreis",128227,65167,63060,5496,2843,2653,10982,5612,5370,28212,15012,13200,45336,23501,21835,25051,12227,12824,6955,2816,4139,LK Pfaffenhofen a.d.Ilm,9,Bayern
9187,"Rosenheim, Landkreis",261330,129399,131931,10121,5213,4908,21665,11155,10510,54882,28967,25915,88744,43956,44788,57382,27319,30063,16581,6632,9949,LK Rosenheim,9,Bayern
9188,"Starnberg, Landkreis",136667,66265,70402,4930,2500,2430,12379,6312,6067,26069,13593,12476,47078,22708,24370,30237,13898,16339,9875,4151,5724,LK Starnberg,9,Bayern
9189,"Traunstein, Landkreis",177319,87614,89705,6620,3406,3214,14043,7122,6921,37246,19674,17572,58539,29263,29276,40204,19011,21193,12596,5087,7509,LK Traunstein,9,Bayern
9190,"Weilheim-Schongau, Landkreis",135478,67242,68236,5251,2687,2564,11565,5919,5646,27953,14726,13227,45594,22608,22986,29794,14398,15396,9073,3757,5316,LK Weilheim-Schongau,9,Bayern
9261,Landshut,73411,35952,37459,2766,1368,1398,5618,2870,2748,18078,9401,8677,24452,12404,12048,14495,6492,8003,4797,1773,3024,SK Landshut,9,Bayern
9262,Passau,52803,25613,27190,1699,848,851,3317,1662,1655,15875,8093,7782,15254,7733,7521,11052,4940,6112,3455,1236,2219,SK Passau,9,Bayern
9263,Straubing,47791,24088,23703,1678,853,825,3356,1757,1599,11129,6046,5083,15949,8359,7590,10358,4840,5518,3134,1101,2033,SK Straubing,9,Bayern
9271,"Deggendorf, Landkreis",119478,59650,59828,4186,2160,2026,9131,4687,4444,26860,14302,12558,40437,20501,19936,26176,12561,13615,7196,2669,4527,LK Deggendorf,9,Bayern
9272,"Freyung-Grafenau, Landkreis",78362,39063,39299,2646,1306,1340,5611,2929,2682,16270,8511,7759,26460,13305,13155,18861,9408,9453,4987,1819,3168,LK Freyung-Grafenau,9,Bayern
9273,"Kelheim, Landkreis",123058,62512,60546,5044,2600,2444,10541,5425,5116,27616,14730,12886,42648,22045,20603,24528,12014,12514,6854,2640,4214,LK Kelheim,9,Bayern
9274,"Landshut, Landkreis",159895,80913,78982,6469,3292,3177,13917,7182,6735,33985,17982,16003,56813,29072,27741,32478,16048,16430,8558,3362,5196,LK Landshut,9,Bayern
9275,"Passau, Landkreis",192656,95727,96929,6562,3361,3201,14871,7640,7231,39647,20814,18833,65078,32959,32119,45211,21847,23364,12462,4657,7805,LK Passau,9,Bayern
9276,"Regen, Landkreis",77410,38619,38791,2715,1389,1326,5634,2995,2639,16175,8610,7565,25650,12937,12713,18463,9039,9424,5166,1845,3321,LK Regen,9,Bayern
9277,"Rottal-Inn, Landkreis",121502,60920,60582,4426,2336,2090,9553,4877,4676,26328,13925,12403,40578,20753,19825,26893,13018,13875,8102,3109,4993,LK Rottal-Inn,9,Bayern
9278,"Straubing-Bogen, Landkreis",101120,50763,50357,3908,2036,1872,8368,4257,4111,21320,11299,10021,35342,18006,17336,21556,10616,10940,5795,2137,3658,LK Straubing-Bogen,9,Bayern
9279,"Dingolfing-Landau, Landkreis",96683,49580,47103,3822,1972,1850,7684,3990,3694,21737,11800,9937,33312,17410,15902,19990,9891,10099,5566,2176,3390,LK Dingolfing-Landau,9,Bayern
9361,Amberg,42207,20816,21391,1490,738,752,3049,1586,1463,9359,5057,4302,13433,6844,6589,9590,4420,5170,3362,1175,2187,SK Amberg,9,Bayern
9362,Regensburg,153094,74316,78778,5823,2994,2829,10713,5429,5284,47300,23615,23685,48150,24105,24045,25967,11755,14212,8435,3020,5415,SK Regensburg,9,Bayern
9363,Weiden i.d.OPf.,42743,20652,22091,1555,803,752,3030,1539,1491,9796,5170,4626,13738,6729,7009,9556,4333,5223,3254,1173,2081,SK Weiden i.d.OPf.,9,Bayern
9371,"Amberg-Sulzbach, Landkreis",103049,51634,51415,3891,1996,1895,7740,3979,3761,21492,11354,10138,35011,17751,17260,23023,11331,11692,7050,2716,4334,LK Amberg-Sulzbach,9,Bayern
9372,"Cham, Landkreis",127998,64289,63709,4616,2348,2268,9786,4987,4799,27018,14225,12793,43283,22094,21189,29005,14388,14617,8330,3118,5212,LK Cham,9,Bayern
9373,"Neumarkt i.d.OPf., Landkreis",134573,68058,66515,5341,2734,2607,11138,5695,5443,29578,15700,13878,46682,24014,22668,27625,13630,13995,7851,2942,4909,LK Neumarkt i.d.OPf.,9,Bayern
9374,"Neustadt a.d.Waldnaab, Landkreis",94450,47061,47389,3710,1859,1851,7161,3709,3452,19648,10219,9429,32305,16277,16028,21159,10445,10714,6127,2303,3824,LK Neustadt a.d.Waldnaab,9,Bayern
9375,"Regensburg, Landkreis",194070,97185,96885,7653,3914,3739,16447,8520,7927,40063,21054,19009,68529,34571,33958,41339,20180,21159,10716,4208,6508,LK Regensburg,9,Bayern
9376,"Schwandorf, Landkreis",147872,74315,73557,5538,2835,2703,11458,5830,5628,31961,17019,14942,50919,26136,24783,31793,15591,16202,9451,3450,6001,LK Schwandorf,9,Bayern
9377,"Tirschenreuth, Landkreis",72046,35891,36155,2485,1279,1206,5311,2682,2629,14557,7741,6816,24153,12260,11893,17007,8290,8717,5233,1930,3303,LK Tirschenreuth,9,Bayern
9461,Bamberg,77373,37296,40077,3056,1578,1478,5290,2686,2604,22444,11128,11316,23627,11817,11810,14502,6607,7895,5020,1738,3282,SK Bamberg,9,Bayern
9462,Bayreuth,74783,36539,38244,2362,1199,1163,4595,2327,2268,22846,12031,10815,21390,10723,10667,15469,6962,8507,5127,1796,3331,SK Bayreuth,9,Bayern
9463,Coburg,41072,20042,21030,1375,714,661,2828,1414,1414,9682,5174,4508,12720,6312,6408,9323,4259,5064,3287,1205,2082,SK Coburg,9,Bayern
9464,Hof,45825,22095,23730,1741,896,845,3446,1752,1694,10248,5380,4868,14130,7007,7123,10676,4810,5866,3550,1201,2349,SK Hof,9,Bayern
9471,"Bamberg, Landkreis",147163,73740,73423,5914,2950,2964,12071,6200,5871,30687,16122,14565,52106,26348,25758,30931,15354,15577,8404,3161,5243,LK Bamberg,9,Bayern
9472,"Bayreuth, Landkreis",103664,51361,52303,3576,1851,1725,8134,4219,3915,19852,10295,9557,35981,18076,17905,24189,11885,12304,7235,2677,4558,LK Bayreuth,9,Bayern
9473,"Coburg, Landkreis",86747,42836,43911,3131,1616,1515,6580,3407,3173,16670,8783,7887,29426,14759,14667,20513,9861,10652,6490,2429,4061,LK Coburg,9,Bayern
9474,"Forchheim, Landkreis",116203,57771,58432,4404,2249,2155,9513,4790,4723,23694,12419,11275,40231,20168,20063,25474,12492,12982,7246,2822,4424,LK Forchheim,9,Bayern
9475,"Hof, Landkreis",94801,46459,48342,2966,1488,1478,6653,3391,3262,17426,9154,8272,31490,15779,15711,23862,11445,12417,8333,3149,5184,LK Hof,9,Bayern
9476,"Kronach, Landkreis",66743,32987,33756,1943,991,952,4540,2305,2235,12512,6591,5921,23011,11695,11316,16400,7961,8439,5384,1953,3431,LK Kronach,9,Bayern
9477,"Kulmbach, Landkreis",71566,35244,36322,2231,1165,1066,5050,2602,2448,13674,7322,6352,24394,12210,12184,17580,8427,9153,5550,1947,3603,LK Kulmbach,9,Bayern
9478,"Lichtenfels, Landkreis",66776,32965,33811,2300,1200,1100,5015,2530,2485,13237,6916,6321,22671,11412,11259,15644,7573,8071,4842,1779,3063,LK Lichtenfels,9,Bayern
9479,"Wunsiedel i.Fichtelgebirge, Landkreis",72655,35446,37209,2442,1270,1172,5072,2677,2395,13442,7061,6381,23460,11677,11783,18737,8906,9831,6267,2218,4049,LK Wunsiedel i.Fichtelgebirge,9,Bayern
9561,Ansbach,41798,20022,21776,1778,884,894,3314,1670,1644,9519,4912,4607,13461,6553,6908,8921,4023,4898,2888,1043,1845,SK Ansbach,9,Bayern
9562,Erlangen,112528,56013,56515,4297,2196,2101,8584,4391,4193,33756,17700,16056,34915,17680,17235,19191,8910,10281,6691,2565,4126,SK Erlangen,9,Bayern
9563,Fürth,128497,63051,65446,5430,2724,2706,9800,5149,4651,30049,15617,14432,45468,22564,22904,24819,11445,13374,6953,2483,4470,SK Fürth,9,Bayern
9564,Nürnberg,518370,253135,265235,20887,10724,10163,39931,20597,19334,129664,66099,63565,170422,85542,84880,100777,46018,54759,33497,12353,21144,SK Nürnberg,9,Bayern
9565,Schwabach,40981,20068,20913,1665,847,818,3399,1757,1642,8372,4321,4051,14066,7005,7061,8834,4121,4713,2738,1043,1695,SK Schwabach,9,Bayern
9571,"Ansbach, Landkreis",184591,92836,91755,7364,3729,3635,15134,7813,7321,39854,21188,18666,62776,31916,30860,38890,19188,19702,11891,4540,7351,LK Ansbach,9,Bayern
9572,"Erlangen-Höchstadt, Landkreis",137262,68245,69017,5602,2922,2680,12137,6236,5901,26787,13857,12930,47903,23927,23976,30241,14703,15538,8018,3259,4759,LK Erlangen-Höchstadt,9,Bayern
9573,"Fürth, Landkreis",117853,57200,60653,4693,2395,2298,9534,4886,4648,22085,11205,10880,40631,19899,20732,27253,12968,14285,8264,3174,5090,LK Fürth,9,Bayern
9574,"Nürnberger Land, Landkreis",170792,84197,86595,6438,3290,3148,13706,7162,6544,33130,17234,15896,59129,29500,29629,38880,18453,20427,11661,4642,7019,LK Nürnberger Land,9,Bayern
9575,"Neustadt a.d.Aisch-Bad Windsheim, Landkreis",101014,50621,50393,3860,1962,1898,8140,4207,3933,21127,11227,9900,34398,17368,17030,22144,10933,11211,6559,2523,4036,LK Neustadt a.d.Aisch-Bad Windsheim,9,Bayern
9576,"Roth, Landkreis",126749,62952,63797,4983,2626,2357,10271,5248,5023,25769,13373,12396,43876,22021,21855,27822,13399,14423,8057,3179,4878,LK Roth,9,Bayern
9577,"Weißenburg-Gunzenhausen, Landkreis",94734,47305,47429,3703,1883,1820,7485,3889,3596,19914,10552,9362,31254,15916,15338,21224,10239,10985,6583,2523,4060,LK Weißenburg-Gunzenhausen,9,Bayern
9661,Aschaffenburg,71002,34641,36361,2788,1467,1321,5422,2772,2650,16382,8516,7866,23650,11758,11892,15011,6856,8155,4592,1667,2925,SK Aschaffenburg,9,Bayern
9662,Schweinfurt,53426,26169,27257,2052,1057,995,4216,2128,2088,12394,6746,5648,16033,8023,8010,11990,5398,6592,4334,1591,2743,SK Schweinfurt,9,Bayern
9663,Würzburg,127934,61131,66803,4398,2201,2197,7465,3813,3652,42083,20397,21686,36044,18270,17774,23696,10560,13136,9111,3203,5908,SK Würzburg,9,Bayern
9671,"Aschaffenburg, Landkreis",174200,86457,87743,6547,3359,3188,13695,6997,6698,34760,18177,16583,60183,29860,30323,39101,19191,19910,11810,4768,7042,LK Aschaffenburg,9,Bayern
9672,"Bad Kissingen, Landkreis",103235,50860,52375,3527,1817,1710,7630,3858,3772,19979,10414,9565,33682,16960,16722,25274,12236,13038,8394,3231,5163,LK Bad Kissingen,9,Bayern
9673,"Rhön-Grabfeld, Landkreis",79635,39646,39989,2883,1480,1403,6295,3209,3086,16211,8473,7738,26356,13164,13192,18359,9123,9236,5795,2270,3525,LK Rhön-Grabfeld,9,Bayern
9674,"Haßberge, Landkreis",84384,42309,42075,3114,1590,1524,6664,3430,3234,17276,9098,8178,28647,14477,14170,19209,9548,9661,5368,2053,3315,LK Haßberge,9,Bayern
9675,"Kitzingen, Landkreis",91155,45862,45293,3479,1811,1668,7082,3623,3459,19523,10359,9164,31151,15815,15336,19640,9778,9862,6035,2330,3705,LK Kitzingen,9,Bayern
9676,"Miltenberg, Landkreis",128743,64105,64638,4716,2394,2322,10293,5289,5004,26408,13899,12509,44245,22132,22113,28525,13944,14581,8657,3468,5189,LK Miltenberg,9,Bayern
9677,"Main-Spessart, Landkreis",126158,62951,63207,4492,2302,2190,9282,4734,4548,24697,13135,11562,42474,21387,21087,29984,14767,15217,9409,3655,5754,LK Main-Spessart,9,Bayern
9678,"Schweinfurt, Landkreis",115445,58014,57431,4444,2342,2102,9016,4725,4291,23759,12478,11281,38566,19564,19002,26233,12856,13377,7979,3272,4707,LK Schweinfurt,9,Bayern
9679,"Würzburg, Landkreis",162302,80732,81570,6369,3267,3102,13017,6687,6330,33147,17331,15816,54708,27297,27411,36902,17918,18984,10343,4311,6032,LK Würzburg,9,Bayern
9761,Augsburg,296582,146222,150360,11631,5973,5658,21623,11115,10508,80137,41137,39000,95366,48964,46402,55740,25303,30437,18761,6868,11893,SK Augsburg,9,Bayern
9762,Kaufbeuren,44398,21872,22526,1811,940,871,3478,1727,1751,9719,5116,4603,14161,7162,6999,9817,4584,5233,3314,1264,2050,SK Kaufbeuren,9,Bayern
9763,Kempten (Allgäu),69151,34219,34932,2760,1380,1380,5022,2645,2377,17279,9125,8154,21451,10893,10558,14773,6745,8028,4884,1908,2976,SK Kempten,9,Bayern
9764,Memmingen,44100,21892,22208,1724,879,845,3482,1737,1745,9937,5268,4669,14442,7445,6997,9453,4370,5083,3047,1169,1878,SK Memmingen,9,Bayern
9771,"Aichach-Friedberg, Landkreis",134655,67161,67494,5706,2919,2787,11688,5917,5771,28064,14610,13454,46857,23711,23146,27831,13505,14326,8005,3187,4818,LK Aichach-Friedberg,9,Bayern
9772,"Augsburg, Landkreis",253468,125761,127707,10582,5385,5197,21715,11173,10542,52336,27228,25108,87383,43880,43503,54057,25905,28152,15513,6093,9420,LK Augsburg,9,Bayern
9773,"Dillingen a.d.Donau, Landkreis",96562,48441,48121,3752,1943,1809,7979,4120,3859,21103,11152,9951,32590,16595,15995,20492,9990,10502,6105,2342,3763,LK Dillingen a.d.Donau,9,Bayern
9774,"Günzburg, Landkreis",127027,64288,62739,5050,2627,2423,10447,5394,5053,28588,15303,13285,43439,22160,21279,26155,12899,13256,7433,2836,4597,LK Günzburg,9,Bayern
9775,"Neu-Ulm, Landkreis",175204,86839,88365,7149,3672,3477,14545,7343,7202,39375,20475,18900,59014,29807,29207,36344,17307,19037,10731,4170,6561,LK Neu-Ulm,9,Bayern
9776,"Lindau (Bodensee), Landkreis",81981,40438,41543,3070,1586,1484,6375,3262,3113,16980,8941,8039,27698,13699,13999,18128,8653,9475,5957,2362,3595,LK Lindau,9,Bayern
9777,"Ostallgäu, Landkreis",141182,70507,70675,5851,3024,2827,11783,5970,5813,29980,15790,14190,47371,23722,23649,30722,14991,15731,8850,3628,5222,LK Ostallgäu,9,Bayern
9778,"Unterallgäu, Landkreis",145341,73229,72112,5949,2984,2965,12017,6219,5798,31521,16800,14721,48804,25179,23625,30843,14946,15897,9581,3769,5812,LK Unterallgäu,9,Bayern
9779,"Donau-Ries, Landkreis",133783,67860,65923,5179,2701,2478,11145,5688,5457,29390,15688,13702,45731,23671,22060,27780,13677,14103,8367,3228,5139,LK Donau-Ries,9,Bayern
9780,"Oberallgäu, Landkreis",156008,76890,79118,6145,3147,2998,12122,6290,5832,31869,16652,15217,52331,25838,26493,35458,16882,18576,10883,4458,6425,LK Oberallgäu,9,Bayern
10,Saarland,986887,484419,502468,32940,16805,16135,71201,36805,34396,202597,105961,96636,318997,158912,160085,240786,114888,125898,75795,28350,47445,Saarland,10,Saarland
10041,"Saarbrücken, Regionalverband",328714,161617,167097,11597,5912,5685,23648,12333,11315,74684,38988,35696,103395,51839,51556,76734,36176,40558,24004,8811,15193,LK Stadtverband Saarbrücken,10,Saarland
10042,"Merzig-Wadern, Landkreis",103243,51032,52211,3240,1667,1573,7692,4024,3668,20149,10573,9576,35005,17474,17531,24843,12054,12789,7539,2797,4742,LK Merzig-Wadern,10,Saarland
10043,"Neunkirchen, Landkreis",131408,64540,66868,4350,2259,2091,9341,4793,4548,25600,13463,12137,42986,21493,21493,32894,15728,17166,10383,3853,6530,LK Neunkirchen,10,Saarland
10044,"Saarlouis, Landkreis",194319,95138,99181,6656,3381,3275,14292,7349,6943,38274,20102,18172,63006,31210,31796,48092,22882,25210,15020,5634,9386,LK Saarlouis,10,Saarland
10045,Saarpfalz-Kreis,142196,69120,73076,4504,2285,2219,10222,5278,4944,27715,14311,13404,45720,22538,23182,35705,16977,18728,11989,4570,7419,LK Saar-Pfalz-Kreis,10,Saarland
10046,"St. Wendel, Landkreis",87007,42972,44035,2593,1301,1292,6006,3028,2978,16175,8524,7651,28885,14358,14527,22518,11071,11447,6860,2685,4175,LK Sankt Wendel,10,Saarland
11,Berlin,3669491,1804273,1865218,156046,80073,75973,297055,152507,144548,900807,452786,448021,1228362,624547,603815,698465,324028,374437,211227,79542,131685,Berlin,11,Berlin
12,Brandenburg,2521893,1243931,1277962,86162,44211,41951,204548,105124,99424,409791,213942,195849,868236,442025,426211,634308,302495,331813,197346,74362,122984,Brandenburg,12,Brandenburg
12051,"Brandenburg an der Havel, Kreisfreie Stadt",72184,35577,36607,2454,1190,1264,5312,2697,2615,13020,6982,6038,22583,11807,10776,18663,8634,10029,6800,2516,4284,SK Brandenburg a.d.Havel,12,Brandenburg
12052,"Cottbus, Kreisfreie Stadt",99678,48816,50862,3429,1732,1697,7259,3742,3517,20107,10755,9352,30792,15807,14985,24937,11250,13687,8497,3188,5309,SK Cottbus,12,Brandenburg
12053,"Frankfurt (Oder), Kreisfreie Stadt",57751,28099,29652,1819,971,848,4235,2159,2076,11117,5745,5372,17801,9046,8755,15124,7040,8084,4976,1790,3186,SK Frankfurt (Oder),12,Brandenburg
12054,"Potsdam, Kreisfreie Stadt",180334,87158,93176,7916,4090,3826,16082,8324,7758,41499,20440,21059,60190,29998,30192,33986,15508,18478,11771,4399,7372,SK Potsdam,12,Brandenburg
12060,"Barnim, Landkreis",185244,91812,93432,6445,3353,3092,15888,8246,7642,29283,15166,14117,65190,33010,32180,46209,22269,23940,13118,5108,8010,LK Barnim,12,Brandenburg
12061,"Dahme-Spreewald, Landkreis",170791,84806,85985,6184,3183,3001,14051,7242,6809,27376,14293,13083,60161,30709,29452,41403,19977,21426,13467,5289,8178,LK Dahme-Spreewald,12,Brandenburg
12062,"Elbe-Elster, Landkreis",101827,50472,51355,3095,1639,1456,7248,3656,3592,14216,7651,6565,34070,17849,16221,29105,13844,15261,9313,3398,5915,LK Elbe-Elster,12,Brandenburg
12063,"Havelland, Landkreis",162996,80547,82449,5561,2821,2740,14088,7263,6825,27076,14246,12830,58872,29566,29306,38564,18532,20032,10980,4173,6807,LK Havelland,12,Brandenburg
12064,"Märkisch-Oderland, Landkreis",195751,97086,98665,6623,3395,3228,16526,8549,7977,28529,14792,13737,70010,35585,34425,49139,23921,25218,15194,5856,9338,LK Märkisch-Oderland,12,Brandenburg
12065,"Oberhavel, Landkreis",212914,104949,107965,7213,3640,3573,18036,9253,8783,34480,17924,16556,76860,38563,38297,50607,24402,26205,15257,5842,9415,LK Oberhavel,12,Brandenburg
12066,"Oberspreewald-Lausitz, Landkreis",109371,53724,55647,3340,1721,1619,7778,3940,3838,15816,8488,7328,36106,18997,17109,30911,14232,16679,10328,3704,6624,LK Oberspreewald-Lausitz,12,Brandenburg
12067,"Oder-Spree, Landkreis",178803,87616,91187,6051,3126,2925,14092,7171,6921,26195,13635,12560,60519,30678,29841,48239,23030,25209,15396,5843,9553,LK Oder-Spree,12,Brandenburg
12068,"Ostprignitz-Ruppin, Landkreis",98861,49144,49717,3172,1652,1520,7562,3973,3589,15181,7999,7182,33161,17097,16064,26968,13032,13936,7972,2918,5054,LK Ostprignitz-Ruppin,12,Brandenburg
12069,"Potsdam-Mittelmark, Landkreis",216566,107234,109332,7346,3731,3615,19615,9988,9627,33130,17222,15908,79173,39722,39451,51963,25420,26543,14843,5751,9092,LK Potsdam-Mittelmark,12,Brandenburg
12070,"Prignitz, Landkreis",76158,37801,38357,2300,1175,1125,5298,2699,2599,11560,6322,5238,24702,12862,11840,21588,10234,11354,7085,2633,4452,LK Prignitz,12,Brandenburg
12071,"Spree-Neiße, Landkreis",113720,55879,57841,3381,1688,1693,8411,4321,4090,14687,7760,6927,38635,19818,18817,33381,15955,17426,9887,3592,6295,LK Spree-Neiße,12,Brandenburg
12072,"Teltow-Fläming, Landkreis",169997,84796,85201,6299,3222,3077,14209,7286,6923,29165,15399,13766,60595,31185,29410,39370,18967,20403,11949,4450,7499,LK Teltow-Fläming,12,Brandenburg
12073,"Uckermark, Landkreis",118947,58415,60532,3534,1882,1652,8858,4615,4243,17354,9123,8231,38816,19726,19090,34151,16248,17903,10513,3912,6601,LK Uckermark,12,Brandenburg
13,Mecklenburg-Vorpommern,1608138,792612,815526,53261,27175,26086,125243,64085,61158,280620,146425,134195,529516,273099,256417,415186,196773,218413,126684,45851,80833,Mecklenburg-Vorpommern,13,Mecklenburg-Vorpommern
13003,"Kreisfreie Stadt Rostock, Hansestadt",209191,103101,106090,7371,3778,3593,14495,7377,7118,52197,27305,24892,61854,32562,29292,46670,20846,25824,17126,6385,10741,SK Rostock,13,Mecklenburg-Vorpommern
13004,"Kreisfreie Stadt Schwerin, Landeshauptstadt",95653,45957,49696,3532,1781,1751,7569,3887,3682,18995,9847,9148,29247,14764,14483,23577,10547,13030,8243,2907,5336,SK Schwerin,13,Mecklenburg-Vorpommern
13071,Landkreis Mecklenburgische Seenplatte,258074,126560,131514,8076,4145,3931,20231,10404,9827,40449,21374,19075,84999,43496,41503,70766,33563,37203,21336,7538,13798,LK Mecklenburgische Seenplatte,13,Mecklenburg-Vorpommern
13072,Landkreis Rostock,215794,107360,108434,7517,3836,3681,18414,9413,9001,31946,16670,15276,75445,38983,36462,55987,27063,28924,15389,5740,9649,LK Rostock,13,Mecklenburg-Vorpommern
13073,Landkreis Vorpommern-Rügen,224702,110438,114264,6720,3394,3326,17222,8782,8440,35361,18520,16841,75108,38502,36606,60983,28921,32062,18705,6891,11814,LK Vorpommern-Rügen,13,Mecklenburg-Vorpommern
13074,Landkreis Nordwestmecklenburg,157322,78294,79028,5385,2804,2581,12651,6498,6153,26560,13984,12576,54023,27976,26047,39462,18974,20488,11500,4149,7351,LK Nordwestmecklenburg,13,Mecklenburg-Vorpommern
13075,Landkreis Vorpommern-Greifswald,235623,115274,120349,7537,3789,3748,17885,9202,8683,42076,21234,20842,75174,38533,36641,62252,29816,32436,19158,6849,12309,LK Vorpommern-Greifswald,13,Mecklenburg-Vorpommern
13076,Landkreis Ludwigslust-Parchim,211779,105628,106151,7123,3648,3475,16776,8522,8254,33036,17491,15545,73666,38283,35383,55489,27043,28446,15227,5392,9835,LK Ludwigslust-Parchim,13,Mecklenburg-Vorpommern
14,Sachsen,4071971,2006722,2065249,146357,74891,71466,326131,167560,158571,745966,390009,355957,1297758,675748,622010,1018999,473767,545232,348757,128355,220402,Sachsen,14,Sachsen
14511,"Chemnitz, Stadt",246334,121810,124524,9125,4682,4443,18552,9556,8996,50276,27333,22943,72747,38116,34631,62793,28374,34419,21949,8053,13896,SK Chemnitz,14,Sachsen
14521,Erzgebirgskreis,334948,163885,171063,10570,5366,5204,26471,13637,12834,48185,25423,22762,106192,54999,51193,97914,46088,51826,30574,10751,19823,LK Erzgebirgskreis,14,Sachsen
14522,"Mittelsachsen, Landkreis",304099,151334,152765,9877,5094,4783,23846,12244,11602,47621,25939,21682,98045,51382,46663,83068,39368,43700,27979,10268,17711,LK Mittelsachsen,14,Sachsen
14523,Vogtlandkreis,225997,110269,115728,6854,3481,3373,16474,8604,7870,33332,17705,15627,72120,37382,34738,65559,30188,35371,21684,7752,13932,LK Vogtlandkreis,14,Sachsen
14524,"Zwickau, Landkreis",315002,153663,161339,10050,5224,4826,23572,12111,11461,48930,25788,23142,100463,51997,48466,88468,41009,47459,29561,10465,19096,LK Zwickau,14,Sachsen
14612,"Dresden, Stadt",556780,277612,279168,23798,12202,11596,47533,24406,23127,139146,74035,65111,169512,88096,81416,109387,49397,59990,41556,16141,25415,SK Dresden,14,Sachsen
14625,"Bautzen, Landkreis",299758,148084,151674,10218,5193,5025,24893,12697,12196,42712,22569,20143,99301,51755,47546,80743,38250,42493,27620,10245,17375,LK Bautzen,14,Sachsen
14626,"Görlitz, Landkreis",252725,123768,128957,7856,3935,3921,19723,10032,9691,36735,19056,17679,79643,41427,38216,72502,34285,38217,24872,9198,15674,LK Görlitz,14,Sachsen
14627,"Meißen, Landkreis",241717,118997,122720,8056,4039,4017,20107,10396,9711,35055,18302,16753,80762,42059,38703,63925,30012,33913,22312,8318,13994,LK Meißen,14,Sachsen
14628,"Sächsische Schweiz-Osterzgebirge, Landkreis",245586,121254,124332,8733,4546,4187,21227,10976,10251,36735,19079,17656,81083,42087,38996,64330,30394,33936,22090,8321,13769,LK Sächsische Schweiz-Osterzgebirge,14,Sachsen
14713,"Leipzig, Stadt",593145,291450,301695,25452,13091,12361,46671,23827,22844,160213,79671,80542,181714,95681,86033,110384,49725,60659,40754,15072,25682,SK Leipzig,14,Sachsen
14729,"Leipzig, Landkreis",258139,126466,131673,8865,4464,4401,21303,10992,10311,37111,19128,17983,88536,45616,42920,68375,32157,36218,21443,7836,13607,LK Leipzig,14,Sachsen
14730,"Nordsachsen, Landkreis",197741,98130,99611,6903,3574,3329,15759,8082,7677,29915,15981,13934,67640,35151,32489,51551,24520,27031,16363,5935,10428,LK Nordsachsen,14,Sachsen
15,Sachsen-Anhalt,2194782,1079862,1114920,71260,36583,34677,163640,84295,79345,375734,199102,176632,714904,369913,344991,586264,273251,313013,182164,65251,116913,Sachsen-Anhalt,15,Sachsen-Anhalt
15001,"Dessau-Roßlau, Kreisfreie Stadt",80103,38894,41209,2392,1241,1151,5418,2841,2577,12261,6407,5854,24713,12621,12092,23571,10864,12707,8358,3167,5191,SK Dessau-Roßlau,15,Sachsen-Anhalt
15002,"Halle (Saale), Kreisfreie Stadt",238762,115552,123210,9314,4858,4456,18661,9602,9059,58146,29195,28951,69960,36064,33896,54242,24038,30204,18013,6446,11567,SK Halle,15,Sachsen-Anhalt
15003,"Magdeburg, Kreisfreie Stadt",237565,117391,120174,8923,4580,4343,17901,9300,8601,56278,30670,25608,70828,36416,34412,54468,24245,30223,18576,6745,11831,SK Magdeburg,15,Sachsen-Anhalt
15081,Altmarkkreis Salzwedel,83173,41428,41745,2728,1399,1329,6680,3456,3224,13104,6962,6142,28485,14974,13511,21494,10294,11200,6556,2296,4260,LK Altmarkkreis Salzwedel,15,Sachsen-Anhalt
15082,"Anhalt-Bitterfeld, Landkreis",158486,77624,80862,4760,2435,2325,11231,5737,5494,23723,12625,11098,52887,27364,25523,45057,20997,24060,13692,4905,8787,LK Anhalt-Bitterfeld,15,Sachsen-Anhalt
15083,"Börde, Landkreis",170923,85224,85699,5651,2863,2788,13819,7135,6684,26479,14009,12470,60138,31287,28851,44149,21329,22820,12111,4289,7822,LK Börde,15,Sachsen-Anhalt
15084,Burgenlandkreis,178846,88658,90188,5574,2910,2664,12804,6664,6140,27121,14705,12416,59031,30987,28044,49690,23367,26323,16333,5789,10544,LK Burgenlandkreis,15,Sachsen-Anhalt
15085,"Harz, Landkreis",213310,104712,108598,6264,3181,3083,15047,7849,7198,32917,17647,15270,70405,36198,34207,60389,28220,32169,18423,6554,11869,LK Harz,15,Sachsen-Anhalt
15086,"Jerichower Land, Landkreis",89589,44600,44989,2948,1491,1457,6822,3430,3392,13131,7102,6029,30846,16100,14746,24255,11647,12608,7215,2558,4657,LK Jerichower Land,15,Sachsen-Anhalt
15087,"Mansfeld-Südharz, Landkreis",134942,66285,68657,3716,1880,1836,9552,4914,4638,19114,10237,8877,43885,22666,21219,40156,18964,21192,12524,4509,8015,LK Mansfeld-Südharz,15,Sachsen-Anhalt
15088,Saalekreis,183815,90793,93022,6021,3022,2999,14593,7490,7103,28032,14709,13323,63316,32764,30552,49633,23518,26115,13662,4930,8732,LK Saalekreis,15,Sachsen-Anhalt
15089,Salzlandkreis,189125,92363,96762,5737,2957,2780,13679,7023,6656,29401,15491,13910,62431,32247,30184,52986,24546,28440,16380,5713,10667,LK Salzlandkreis,15,Sachsen-Anhalt
15090,"Stendal, Landkreis",111190,54869,56321,3516,1829,1687,8450,4261,4189,17907,9537,8370,36921,19026,17895,30088,14279,15809,8964,3217,5747,LK Stendal,15,Sachsen-Anhalt
15091,"Wittenberg, Landkreis",124953,61469,63484,3716,1937,1779,8983,4593,4390,18120,9806,8314,41058,21199,19859,36086,16943,19143,11357,4133,7224,LK Wittenberg,15,Sachsen-Anhalt
16,Thüringen,2133378,1055996,1077382,71426,36437,34989,164828,84747,80081,370500,195265,175235,697078,361824,335254,560974,264510,296464,169482,62423,107059,Thüringen,16,Thüringen
16051,"Erfurt, krsfr. Stadt",213981,104044,109937,8298,4118,4180,17058,8724,8334,48920,24227,24693,67590,34730,32860,47870,21894,25976,14345,5297,9048,SK Erfurt,16,Thüringen
16052,"Gera, krsfr. Stadt",93125,44945,48180,3110,1587,1523,6856,3545,3311,15329,7857,7472,28271,14548,13723,26621,12156,14465,8793,3139,5654,SK Gera,16,Thüringen
16053,"Jena, krsfr. Stadt",111343,55628,55715,4280,2162,2118,8735,4478,4257,31547,16488,15059,31923,16709,15214,22301,10177,12124,7544,2928,4616,SK Jena,16,Thüringen
16054,"Suhl, krsfr. Stadt",36789,18009,18780,977,504,473,2328,1210,1118,5623,3074,2549,11200,5760,5440,11706,5349,6357,3416,1329,2087,SK Suhl,16,Thüringen
16055,"Weimar, krsfr. Stadt",65228,31549,33679,2464,1246,1218,5499,2851,2648,14791,7499,7292,20365,10243,10122,14377,6504,7873,4810,1739,3071,SK Weimar,16,Thüringen
16056,"Eisenach, krsfr. Stadt",42250,20833,21417,1496,790,706,3205,1713,1492,7641,4121,3520,13829,7143,6686,10467,4742,5725,3640,1318,2322,SK Eisenach,16,Thüringen
16061,"Eichsfeld, Kreis",100006,50219,49787,3918,1999,1919,8681,4404,4277,16772,8868,7904,33700,17608,16092,25270,12322,12948,6927,2608,4319,LK Eichsfeld,16,Thüringen
16062,"Nordhausen, Kreis",83416,41394,42022,2744,1444,1300,6380,3297,3083,14605,7851,6754,26657,13741,12916,22291,10532,11759,6818,2537,4281,LK Nordhausen,16,Thüringen
16063,Wartburgkreis,118974,59573,59401,3853,1994,1859,9286,4849,4437,18421,9782,8639,40500,21049,19451,31960,15463,16497,9358,3586,5772,LK Wartburgkreis,16,Thüringen
16064,Unstrut-Hainich-Kreis,102232,50775,51457,3575,1822,1753,8329,4323,4006,16610,8745,7865,33919,17580,16339,26768,12833,13935,8048,2944,5104,LK Unstrut-Hainich-Kreis,16,Thüringen
16065,Kyffhäuserkreis,74212,36865,37347,2192,1129,1063,5454,2848,2606,11197,6021,5176,24391,12640,11751,21447,10175,11272,6036,2234,3802,LK Kyffhäuserkreis,16,Thüringen
16066,"Schmalkalden-Meiningen, Kreis",124916,62446,62470,3901,1989,1912,9361,4844,4517,20012,10899,9113,41473,21547,19926,34060,16141,17919,10142,3866,6276,LK Schmalkalden-Meiningen,16,Thüringen
16067,"Gotha, Kreis",134908,67158,67750,4530,2304,2226,10551,5340,5211,22592,12055,10537,45547,23742,21805,35092,16624,18468,10215,3854,6361,LK Gotha,16,Thüringen
16068,"Sömmerda, Kreis",69427,34660,34767,2377,1256,1121,5623,2923,2700,10693,5627,5066,24010,12524,11486,18736,8983,9753,4678,1641,3037,LK Sömmerda,16,Thüringen
16069,"Hildburghausen, Kreis",63197,31624,31573,2015,989,1026,4777,2431,2346,10016,5411,4605,21727,11473,10254,16668,8027,8641,4901,1709,3192,LK Hildburghausen,16,Thüringen
16070,Ilm-Kreis,106249,53446,52803,3504,1807,1697,8139,4219,3920,19276,10890,8386,34344,17907,16437,27770,13015,14755,8282,3035,5247,LK Ilm-Kreis,16,Thüringen
16071,"Weimarer Land, Kreis",82156,40724,41432,2896,1495,1401,7204,3614,3590,12619,6460,6159,28448,14766,13682,21547,10473,11074,5448,2000,3448,LK Weimarer Land,16,Thüringen
16072,"Sonneberg, Kreis",57717,28391,29326,1589,785,804,3949,2022,1927,8781,4710,4071,19378,10099,9279,16135,7562,8573,5263,1846,3417,LK Sonneberg,16,Thüringen
16073,"Saalfeld-Rudolstadt, Kreis",103199,50838,52361,3154,1650,1504,7281,3728,3553,14987,8055,6932,33653,17514,16139,29651,14033,15618,9848,3495,6353,LK Saalfeld-Rudolstadt,16,Thüringen
16074,Saale-Holzland-Kreis,82950,41262,41688,2670,1329,1341,6614,3400,3214,12651,6682,5969,28277,14677,13600,22639,10816,11823,6235,2386,3849,LK Saale-Holzland-Kreis,16,Thüringen
16075,Saale-Orla-Kreis,80312,39890,40422,2526,1293,1233,6132,3150,2982,11987,6402,5585,26888,14077,12811,22173,10595,11578,6824,2408,4416,LK Saale-Orla-Kreis,16,Thüringen
16076,"Greiz, Kreis",97398,47921,49477,2752,1405,1347,7109,3684,3425,12979,6924,6055,31951,16557,15394,28824,13632,15192,9256,3347,5909,LK Greiz,16,Thüringen
16077,"Altenburger Land, Kreis",89393,43802,45591,2605,1340,1265,6277,3150,3127,12451,6617,5834,29037,15190,13847,26601,12462,14139,8655,3177,5478,LK Altenburger Land,16,Thüringen
11001,Berlin-Mitte,362026,187444,174721,17010,8752,8258,28928,14618,14309,115272,59621,55699,118104,65080,52995,50018,24086,25939,14602,5478,9120,SK Berlin Mitte,11,Berlin
11002,Berlin-Friedrichshain-Kreuzberg,282599,145092,137597,13836,7087,6749,22016,11411,10606,94859,47009,47830,98311,53754,44535,29130,14135,14999,8722,3196,5508,SK Berlin Friedrichshain-Kreuzberg,11,Berlin
11003,Berlin-Pankow,398321,195889,202432,19935,10232,9702,34405,17802,16604,97119,46960,50104,148977,77066,71903,58091,26130,31953,19825,7546,12295,SK Berlin Pankow,11,Berlin
11004,Berlin-Charlottenburg-Wilmersdorf,324193,154421,169698,11204,5792,5411,23117,11716,11400,69736,34432,35286,108877,53121,55769,74517,34300,40215,22318,7761,14428,SK Berlin Charlottenburg-Wilmersdorf,11,Berlin
11005,Berlin-Spandau,238389,115659,122706,9628,4874,4753,20877,10798,10079,51916,26691,25242,76499,37407,39100,52587,24383,28203,15967,5973,9985,SK Berlin Spandau,11,Berlin
11006,Berlin-Steglitz-Zehlendorf,304890,142050,162723,10974,5666,5307,26148,13381,12767,56794,28386,28403,99622,45858,53792,74487,33805,40675,24031,8802,15179,SK Berlin Steglitz-Zehlendorf,11,Berlin
11007,Berlin-Tempelhof-Schöneberg,347673,168346,179288,13182,6705,6476,27570,14140,13430,77434,38440,38979,118934,58899,60044,72991,34142,38851,20905,7481,13345,SK Berlin Tempelhof-Schöneberg,11,Berlin
11008,Berlin-Neukölln,334520,167029,167528,15164,7735,7429,28092,14605,13487,93241,46416,46811,105796,55403,50384,59559,28329,31236,16111,5748,10299,SK Berlin Neukölln,11,Berlin
11009,Berlin-Treptow-Köpenick,261677,127391,134267,10493,5355,5137,19683,10166,9517,55820,28061,27758,87305,44480,42825,55867,24895,30963,20550,8845,11926,SK Berlin Treptow-Köpenick,11,Berlin
11010,Berlin-Marzahn-Hellersdorf,269174,132565,136611,11861,6198,5662,22629,11386,11242,61675,31796,29902,92142,45295,46856,53453,25532,27927,13103,5082,8051,SK Berlin Marzahn-Hellersdorf,11,Berlin
11011,Berlin-Lichtenberg,281777,139097,142688,12420,6350,6070,20636,10652,9984,73678,37429,36260,88233,45659,42569,55670,25085,30579,17139,6808,10401,SK Berlin Lichtenberg,11,Berlin
11012,Berlin-Reinickendorf,264246,129283,134953,10334,5322,5012,22947,11829,11118,53258,27539,25741,85555,42522,43038,62088,29200,32891,17947,6817,11142,SK Berlin Reinickendorf,11,Berlin
2000,Hamburg,1847253,903974,943279,81097,41532,39565,149055,76821,72234,465038,233183,231855,631068,316600,314468,326494,151766,174728,107709,40367,67342,SK Hamburg,2,Hamburg
